Street Address,Suburb,Postcode,Bed,Bath,Car,Land Size (sqm),Floor Size (sqm),Year Built,Last Rental Price,Last Rental Date,Days on Market,Active Listing,Capital Value,Land Value
1/116 CRANFORD STREET ,"ST ALBANS, CHRISTCHURCH",8014,2.0,2.0,1.0,156.0,114.0,2023.0,650.0,2023-07-03,8.0,False,710000.0,215000.0
4/162 SPRINGFIELD ROAD ,"ST ALBANS, CHRISTCHURCH",8014,2.0,1.0,1.0,71.0,67.0,2023.0,495.0,2023-07-03,55.0,False,630000.0,290000.0
111 PACKE STREET ,"EDGEWARE, CHRISTCHURCH",8013,2.0,1.0,1.0,218.0,90.0,1975.0,560.0,2023-07-04,7.0,False,405000.0,260000.0
48 THAMES STREET ,"MAIREHAU, CHRISTCHURCH",8013,3.0,1.0,1.0,539.0,98.0,1920.0,580.0,2023-07-05,35.0,False,550000.0,400000.0
3/34 EDWARD AVENUE ,"EDGEWARE, CHRISTCHURCH",8013,2.0,1.0,1.0,218.0,60.0,1970.0,470.0,2023-07-05,7.0,False,405000.0,170000.0
5/136 SHERBORNE STREET ,"ST ALBANS, CHRISTCHURCH",8014,3.0,2.0,1.0,183.0,127.0,2016.0,640.0,2023-07-06,7.0,False,760000.0,280000.0
16 SEVERN STREET ,"ST ALBANS, CHRISTCHURCH",8014,3.0,1.0,2.0,650.0,134.0,1910.0,560.0,2023-07-07,7.0,False,810000.0,410000.0
15 LINDSAY STREET ,"ST ALBANS, CHRISTCHURCH",8014,3.0,1.0,3.0,923.0,112.0,1910.0,530.0,2023-07-10,7.0,False,900000.0,800000.0
3/89 BISHOP STREET ,"ST ALBANS, CHRISTCHURCH",8014,3.0,1.0,2.0,218.0,130.0,1995.0,650.0,2023-07-13,86.0,False,680000.0,315000.0
39B SEVERN STREET ,"ST ALBANS, CHRISTCHURCH",8014,4.0,2.0,2.0,491.0,220.0,1990.0,600.0,2023-07-13,30.0,False,1050000.0,360000.0
2 VERLAMIO LANE ,"EDGEWARE, CHRISTCHURCH",8013,2.0,2.0,1.0,202.0,96.0,2019.0,550.0,2023-07-13,7.0,False,660000.0,260000.0
525C MANCHESTER STREET ,"ST ALBANS, CHRISTCHURCH",8014,3.0,3.0,1.0,145.0,132.0,2010.0,680.0,2023-07-14,7.0,False,840000.0,325000.0
214 CRANFORD STREET ,"ST ALBANS, CHRISTCHURCH",8014,4.0,1.0,2.0,218.0,164.0,1930.0,695.0,2023-07-18,28.0,False,830000.0,325000.0
23 VERLAMIO LANE ,"EDGEWARE, CHRISTCHURCH",8013,2.0,2.0,1.0,133.0,95.0,2019.0,550.0,2023-07-20,8.0,False,660000.0,260000.0
3/29 TRAFALGAR STREET ,"ST ALBANS, CHRISTCHURCH",8014,2.0,1.0,1.0,218.0,70.0,1975.0,420.0,2023-07-20,7.0,False,470000.0,280000.0
3/17 EVERSLEIGH STREET ,"ST ALBANS, CHRISTCHURCH",8014,3.0,2.0,2.0,218.0,170.0,1990.0,650.0,2023-07-25,7.0,False,780000.0,325000.0
3/76 BISHOP STREET ,"ST ALBANS, CHRISTCHURCH",8014,2.0,1.0,1.0,218.0,82.0,1965.0,490.0,2023-07-25,7.0,False,510000.0,245000.0
3/67 TRAFALGAR STREET ,"ST ALBANS, CHRISTCHURCH",8014,2.0,1.0,1.0,218.0,70.0,1970.0,430.0,2023-07-26,16.0,False,400000.0,290000.0
29 RADNOR STREET ,"ST ALBANS, CHRISTCHURCH",8014,3.0,1.0,1.0,218.0,80.0,1905.0,690.0,2023-07-27,7.0,False,700000.0,440000.0
88A EDGEWARE ROAD ,"ST ALBANS, CHRISTCHURCH",8014,3.0,2.0,2.0,218.0,161.0,2010.0,590.0,2023-07-27,7.0,False,770000.0,350000.0
B5/101 CALEDONIAN ROAD ,"ST ALBANS, CHRISTCHURCH",8014,2.0,1.0,2.0,218.0,63.0,2000.0,460.0,2023-07-27,22.0,False,440000.0,175000.0
4/71 SPRINGFIELD ROAD ,"ST ALBANS, CHRISTCHURCH",8014,2.0,1.0,2.0,218.0,100.0,2000.0,360.0,2023-07-28,7.0,False,490000.0,215000.0
2/68 ABBERLEY CRESCENT ,"ST ALBANS, CHRISTCHURCH",8014,3.0,1.0,1.0,218.0,130.0,1980.0,550.0,2023-07-29,7.0,False,700000.0,510000.0
2/113 BISHOP STREET ,"ST ALBANS, CHRISTCHURCH",8014,2.0,3.0,1.0,147.0,108.0,2020.0,550.0,2023-08-02,7.0,False,720000.0,390000.0
31D PURCHAS STREET ,"ST ALBANS, CHRISTCHURCH",8014,2.0,1.0,1.0,94.0,77.0,2023.0,649.0,2023-08-08,7.0,False,670000.0,270000.0
1/1010 COLOMBO STREET ,"ST ALBANS, CHRISTCHURCH",8014,3.0,2.0,2.0,218.0,175.0,2000.0,610.0,2023-08-08,54.0,False,770000.0,325000.0
48 WINTON STREET ,"ST ALBANS, CHRISTCHURCH",8014,3.0,1.0,1.0,584.0,130.0,1910.0,350.0,2023-08-08,7.0,False,750000.0,510000.0
5/119 SHERBORNE STREET ,"ST ALBANS, CHRISTCHURCH",8014,3.0,2.0,1.0,86.0,98.0,2021.0,625.0,2023-08-09,23.0,False,660000.0,215000.0
2/544 BARBADOES STREET ,"EDGEWARE, CHRISTCHURCH",8013,2.0,1.0,1.0,218.0,60.0,1975.0,450.0,2023-08-09,5.0,False,390000.0,190000.0
8/544 BARBADOES STREET ,"EDGEWARE, CHRISTCHURCH",8013,2.0,1.0,1.0,218.0,60.0,1975.0,450.0,2023-08-09,5.0,False,390000.0,190000.0
2/30 GORDON AVENUE ,"ST ALBANS, CHRISTCHURCH",8014,2.0,1.0,5.0,218.0,390.0,1970.0,480.0,2023-08-10,7.0,False,670000.0,305000.0
4/70 BISHOP STREET ,"ST ALBANS, CHRISTCHURCH",8014,2.0,2.0,1.0,218.0,95.0,2019.0,550.0,2023-08-11,7.0,False,640000.0,215000.0
1/26 GORDON AVENUE ,"ST ALBANS, CHRISTCHURCH",8014,2.0,1.0,1.0,218.0,60.0,1985.0,575.0,2023-08-14,7.0,False,560000.0,345000.0
1/24 HENDON STREET ,"EDGEWARE, CHRISTCHURCH",8013,2.0,2.0,1.0,198.0,73.0,2021.0,520.0,2023-08-15,7.0,False,660000.0,240000.0
30 BROWNS ROAD ,"ST ALBANS, CHRISTCHURCH",8014,4.0,1.0,2.0,218.0,220.0,1920.0,995.0,2023-08-16,35.0,False,1800000.0,1430000.0
1/67 HOLLY ROAD ,"ST ALBANS, CHRISTCHURCH",8014,2.0,1.0,1.0,218.0,60.0,1970.0,480.0,2023-08-16,7.0,False,450000.0,275000.0
606 MADRAS STREET ,"ST ALBANS, CHRISTCHURCH",8014,3.0,2.0,2.0,344.0,152.0,2000.0,550.0,2023-08-18,7.0,False,730000.0,420000.0
38 BERWICK STREET ,"ST ALBANS, CHRISTCHURCH",8014,3.0,2.0,2.0,616.0,148.0,1910.0,680.0,2023-08-19,7.0,False,740000.0,600000.0
145 CANON STREET ,"EDGEWARE, CHRISTCHURCH",8013,3.0,1.0,1.0,218.0,110.0,1975.0,490.0,2023-08-19,7.0,False,390000.0,340000.0
2/13 ABBERLEY CRESCENT ,"ST ALBANS, CHRISTCHURCH",8014,2.0,1.0,1.0,218.0,130.0,1980.0,450.0,2023-08-20,7.0,False,775000.0,420000.0
3/125 GERALDINE STREET ,"EDGEWARE, CHRISTCHURCH",8013,2.0,1.0,1.0,218.0,70.0,1970.0,480.0,2023-08-21,7.0,False,360000.0,190000.0
1/206 GERALDINE STREET ,"EDGEWARE, CHRISTCHURCH",8013,2.0,3.0,12.0,105.0,93.0,2023.0,560.0,2023-08-22,20.0,False,630000.0,220000.0
1/231 EDGEWARE ROAD ,"EDGEWARE, CHRISTCHURCH",8013,5.0,3.0,3.0,218.0,210.0,1910.0,380.0,2023-08-23,55.0,False,1080000.0,1000000.0
4/111 EDGEWARE ROAD ,"ST ALBANS, CHRISTCHURCH",8014,2.0,1.0,1.0,89.0,75.0,2022.0,500.0,2023-08-25,22.0,False,580000.0,240000.0
63 PURCHAS STREET ,"ST ALBANS, CHRISTCHURCH",8014,3.0,1.0,1.0,789.0,151.0,1915.0,590.0,2023-08-26,7.0,False,740000.0,740000.0
31C PURCHAS STREET ,"ST ALBANS, CHRISTCHURCH",8014,2.0,1.0,1.0,78.0,77.0,2023.0,649.0,2023-08-27,48.0,False,660000.0,260000.0
79 CANON STREET ,"ST ALBANS, CHRISTCHURCH",8014,3.0,1.0,1.0,223.0,120.0,1990.0,595.0,2023-08-28,20.0,False,660000.0,340000.0
137A GERALDINE STREET ,"EDGEWARE, CHRISTCHURCH",8013,2.0,1.0,2.0,426.0,187.0,2010.0,480.0,2023-08-30,7.0,False,1240000.0,520000.0
46A ROOSEVELT AVENUE ,"ST ALBANS, CHRISTCHURCH",8014,3.0,2.0,2.0,447.0,185.0,1990.0,760.0,2023-09-01,12.0,False,960000.0,550000.0
12 ROOSEVELT AVENUE ,"ST ALBANS, CHRISTCHURCH",8014,3.0,1.0,1.0,658.0,140.0,1920.0,700.0,2023-09-01,7.0,False,990000.0,650000.0
19 CORNWALL STREET ,"ST ALBANS, CHRISTCHURCH",8014,2.0,1.0,1.0,455.0,98.0,1910.0,550.0,2023-09-01,7.0,False,660000.0,465000.0
66B SPRINGFIELD ROAD ,"ST ALBANS, CHRISTCHURCH",8014,3.0,1.0,2.0,124.0,148.0,2000.0,640.0,2023-09-04,7.0,False,670000.0,240000.0
558 MADRAS STREET ,"ST ALBANS, CHRISTCHURCH",8014,2.0,1.0,2.0,242.0,118.0,2000.0,545.0,2023-09-04,7.0,False,580000.0,360000.0
3/136 SHERBORNE STREET ,"ST ALBANS, CHRISTCHURCH",8014,3.0,2.0,1.0,158.0,127.0,2016.0,650.0,2023-09-05,7.0,False,760000.0,275000.0
1/155 HOLLY ROAD ,"ST ALBANS, CHRISTCHURCH",8014,2.0,2.0,1.0,496.0,130.0,1925.0,400.0,2023-09-06,7.0,False,840000.0,770000.0
84 TRAFALGAR STREET ,"ST ALBANS, CHRISTCHURCH",8014,4.0,2.0,2.0,645.0,209.0,2012.0,875.0,2023-09-08,7.0,False,1400000.0,630000.0
1/86 SPRINGFIELD ROAD ,"ST ALBANS, CHRISTCHURCH",8014,3.0,2.0,2.0,218.0,160.0,1990.0,700.0,2023-09-08,7.0,False,810000.0,360000.0
477A MANCHESTER STREET ,"ST ALBANS, CHRISTCHURCH",8014,3.0,2.0,1.0,186.0,130.0,2012.0,610.0,2023-09-08,7.0,False,850000.0,360000.0
173A SPRINGFIELD ROAD ,"ST ALBANS, CHRISTCHURCH",8014,3.0,1.0,1.0,505.0,141.0,1945.0,585.0,2023-09-08,7.0,False,790000.0,590000.0
49 CLEVELAND STREET ,"EDGEWARE, CHRISTCHURCH",8013,2.0,1.0,1.0,607.0,110.0,1915.0,595.0,2023-09-11,7.0,False,670000.0,590000.0
128A HOLLY ROAD ,"ST ALBANS, CHRISTCHURCH",8014,4.0,2.0,2.0,352.0,214.0,2008.0,865.0,2023-09-12,7.0,False,1250000.0,580000.0
1/90 SPRINGFIELD ROAD ,"ST ALBANS, CHRISTCHURCH",8014,3.0,1.0,2.0,218.0,130.0,1990.0,620.0,2023-09-13,164.0,False,450000.0,305000.0
422 MANCHESTER STREET ,"ST ALBANS, CHRISTCHURCH",8014,5.0,2.0,3.0,913.0,260.0,2000.0,375.0,2023-09-18,7.0,False,1320000.0,1050000.0
142A HOLLY ROAD ,"ST ALBANS, CHRISTCHURCH",8014,3.0,3.0,2.0,218.0,189.0,2013.0,795.0,2023-09-20,7.0,False,1200000.0,475000.0
30B RUTLAND STREET ,"ST ALBANS, CHRISTCHURCH",8014,2.0,2.0,1.0,138.0,95.0,2023.0,575.0,2023-09-20,7.0,False,640000.0,280000.0
112 WESTMINSTER STREET ,"ST ALBANS, CHRISTCHURCH",8014,4.0,1.0,1.0,637.0,132.0,1910.0,850.0,2023-09-21,7.0,False,1190000.0,445000.0
104 FORFAR STREET ,"ST ALBANS, CHRISTCHURCH",8014,3.0,1.0,1.0,218.0,130.0,1910.0,525.0,2023-09-21,7.0,False,680000.0,350000.0
11 WOODVILLE STREET ,"EDGEWARE, CHRISTCHURCH",8013,3.0,1.0,2.0,218.0,120.0,1910.0,690.0,2023-09-22,4.0,False,1090000.0,960000.0
4/214 SPRINGFIELD ROAD ,"ST ALBANS, CHRISTCHURCH",8014,3.0,1.0,1.0,218.0,120.0,1975.0,495.0,2023-09-24,7.0,False,690000.0,200000.0
1/1007 COLOMBO STREET ,"ST ALBANS, CHRISTCHURCH",8014,2.0,2.0,2.0,508.0,180.0,1970.0,550.0,2023-09-25,15.0,False,670000.0,305000.0
1/107 EDGEWARE ROAD ,"ST ALBANS, CHRISTCHURCH",8014,2.0,1.0,1.0,98.0,75.0,2022.0,500.0,2023-09-26,23.0,False,580000.0,245000.0
4/66 CLEVELAND STREET ,"EDGEWARE, CHRISTCHURCH",8013,2.0,2.0,1.0,72.0,75.0,2023.0,550.0,2023-09-27,21.0,False,555000.0,205000.0
158F EDGEWARE ROAD ,"EDGEWARE, CHRISTCHURCH",8013,3.0,1.0,2.0,218.0,130.0,1990.0,520.0,2023-09-27,9.0,False,280000.0,255000.0
44 DEE STREET ,"ST ALBANS, CHRISTCHURCH",8014,2.0,1.0,1.0,218.0,90.0,1975.0,450.0,2023-09-28,7.0,False,510000.0,285000.0
498 MANCHESTER STREET ,"ST ALBANS, CHRISTCHURCH",8014,4.0,1.0,2.0,880.0,164.0,1915.0,400.0,2023-09-28,7.0,False,970000.0,830000.0
2/116 PACKE STREET ,"EDGEWARE, CHRISTCHURCH",8013,2.0,1.0,1.0,218.0,70.0,1965.0,420.0,2023-09-29,7.0,False,340000.0,180000.0
100 EDWARD AVENUE ,"EDGEWARE, CHRISTCHURCH",8013,3.0,1.0,2.0,782.0,120.0,1930.0,665.0,2023-10-01,9.0,False,820000.0,710000.0
105 BISHOP STREET ,"ST ALBANS, CHRISTCHURCH",8014,3.0,2.0,2.0,176.0,142.0,2000.0,680.0,2023-10-02,7.0,False,750000.0,335000.0
545 BARBADOES STREET ,"EDGEWARE, CHRISTCHURCH",8013,3.0,2.0,2.0,200.0,143.0,2000.0,580.0,2023-10-02,14.0,False,680000.0,390000.0
29 ALLARD STREET ,"EDGEWARE, CHRISTCHURCH",8013,3.0,1.0,2.0,711.0,95.0,1920.0,520.0,2023-10-02,7.0,False,660000.0,600000.0
1022C COLOMBO STREET ,"ST ALBANS, CHRISTCHURCH",8014,4.0,2.0,2.0,225.0,156.0,2000.0,620.0,2023-10-03,28.0,False,710000.0,430000.0
5 ALLARD STREET ,"EDGEWARE, CHRISTCHURCH",8013,2.0,1.0,2.0,218.0,84.0,2016.0,500.0,2023-10-03,7.0,False,610000.0,180000.0
2/13 ALLARD STREET ,"EDGEWARE, CHRISTCHURCH",8013,1.0,1.0,1.0,218.0,50.0,1990.0,445.0,2023-10-03,7.0,False,415000.0,170000.0
4/30 EVERSLEIGH STREET ,"ST ALBANS, CHRISTCHURCH",8014,3.0,2.0,2.0,256.0,165.0,2007.0,750.0,2023-10-04,54.0,False,880000.0,430000.0
40 BERWICK STREET ,"ST ALBANS, CHRISTCHURCH",8014,3.0,1.0,2.0,310.0,150.0,1990.0,630.0,2023-10-04,7.0,False,810000.0,335000.0
4/610 BARBADOES STREET ,"EDGEWARE, CHRISTCHURCH",8013,1.0,1.0,1.0,218.0,55.0,1970.0,390.0,2023-10-04,7.0,False,315000.0,160000.0
3/542 MADRAS STREET ,"ST ALBANS, CHRISTCHURCH",8014,3.0,2.0,2.0,314.0,127.0,2010.0,550.0,2023-10-05,7.0,False,680000.0,360000.0
1/18 GORDON AVENUE ,"ST ALBANS, CHRISTCHURCH",8014,2.0,1.0,1.0,218.0,70.0,1960.0,440.0,2023-10-05,32.0,False,530000.0,345000.0
123 FRANCIS AVENUE ,"MAIREHAU, CHRISTCHURCH",8013,4.0,2.0,2.0,690.0,160.0,1930.0,800.0,2023-10-06,7.0,False,900000.0,430000.0
2/542 MADRAS STREET ,"ST ALBANS, CHRISTCHURCH",8014,3.0,2.0,2.0,253.0,127.0,2010.0,550.0,2023-10-06,7.0,False,670000.0,340000.0
2 OXLEY AVENUE ,"ST ALBANS, CHRISTCHURCH",8014,4.0,2.0,1.0,500.0,144.0,1915.0,450.0,2023-10-08,7.0,False,900000.0,600000.0
116A CRANFORD STREET ,"ST ALBANS, CHRISTCHURCH",8014,3.0,1.0,3.0,218.0,135.0,1950.0,650.0,2023-10-09,7.0,False,800000.0,620000.0
46 BERWICK STREET ,"ST ALBANS, CHRISTCHURCH",8014,3.0,1.0,1.0,300.0,121.0,2016.0,600.0,2023-10-09,7.0,False,725000.0,335000.0
23 PASCOE AVENUE ,"MAIREHAU, CHRISTCHURCH",8013,3.0,1.0,1.0,766.0,113.0,1930.0,550.0,2023-10-10,7.0,False,690000.0,420000.0
47 BERRY STREET ,"ST ALBANS, CHRISTCHURCH",8014,2.0,1.0,1.0,218.0,90.0,1960.0,440.0,2023-10-10,7.0,False,480000.0,315000.0
3/129 CHAMPION STREET ,"EDGEWARE, CHRISTCHURCH",8013,2.0,1.0,1.0,218.0,90.0,1970.0,480.0,2023-10-11,7.0,False,375000.0,170000.0
1/33 RANFURLY STREET ,"ST ALBANS, CHRISTCHURCH",8014,2.0,1.0,1.0,218.0,90.0,1950.0,450.0,2023-10-12,7.0,False,570000.0,450000.0
138C HOLLY ROAD ,"ST ALBANS, CHRISTCHURCH",8014,4.0,5.0,1.0,158.0,138.0,2015.0,790.0,2023-10-13,7.0,False,920000.0,390000.0
116 SHERBORNE STREET ,"ST ALBANS, CHRISTCHURCH",8014,4.0,2.0,2.0,508.0,164.0,2021.0,515.0,2023-10-13,8.0,False,1370000.0,530000.0
7/38 EVERSLEIGH STREET ,"ST ALBANS, CHRISTCHURCH",8014,3.0,1.0,1.0,218.0,110.0,1990.0,470.0,2023-10-13,7.0,False,620000.0,340000.0
121A FRANCIS AVENUE ,"MAIREHAU, CHRISTCHURCH",8013,4.0,2.0,2.0,885.0,142.0,1970.0,460.0,2023-10-13,7.0,False,850000.0,410000.0
40 DOVER STREET ,"ST ALBANS, CHRISTCHURCH",8014,3.0,2.0,2.0,218.0,148.0,2005.0,650.0,2023-10-16,25.0,False,860000.0,395000.0
24 AYLESFORD STREET ,"MAIREHAU, CHRISTCHURCH",8013,3.0,1.0,2.0,589.0,111.0,1930.0,700.0,2023-10-17,7.0,False,620000.0,380000.0
76B CANON STREET ,"ST ALBANS, CHRISTCHURCH",8014,2.0,1.0,1.0,165.0,91.0,2005.0,500.0,2023-10-17,7.0,False,530000.0,280000.0
31A PURCHAS STREET ,"ST ALBANS, CHRISTCHURCH",8014,2.0,1.0,1.0,113.0,77.0,2023.0,550.0,2023-10-18,7.0,False,670000.0,270000.0
9A WINTON STREET ,"ST ALBANS, CHRISTCHURCH",8014,3.0,1.0,1.0,845.0,120.0,1960.0,500.0,2023-10-18,7.0,False,790000.0,720000.0
560 MADRAS STREET ,"ST ALBANS, CHRISTCHURCH",8014,2.0,1.0,2.0,274.0,118.0,2000.0,545.0,2023-10-19,7.0,False,580000.0,360000.0
105 CALEDONIAN ROAD ,"ST ALBANS, CHRISTCHURCH",8014,3.0,1.0,1.0,126.0,130.0,2012.0,700.0,2023-10-20,7.0,False,840000.0,340000.0
84A SHERBORNE STREET ,"ST ALBANS, CHRISTCHURCH",8014,3.0,1.0,1.0,232.0,117.0,2015.0,580.0,2023-10-20,7.0,False,700000.0,375000.0
1/168 CRANFORD STREET ,"ST ALBANS, CHRISTCHURCH",8014,2.0,1.0,1.0,218.0,130.0,1910.0,520.0,2023-10-20,15.0,False,660000.0,305000.0
4/17 EVERSLEIGH STREET ,"ST ALBANS, CHRISTCHURCH",8014,3.0,2.0,2.0,218.0,170.0,1990.0,700.0,2023-10-21,7.0,False,780000.0,325000.0
88 SAINT ALBANS STREET ,"ST ALBANS, CHRISTCHURCH",8014,3.0,2.0,1.0,430.0,128.0,2012.0,875.0,2023-10-24,7.0,False,1160000.0,670000.0
544A MADRAS STREET ,"ST ALBANS, CHRISTCHURCH",8014,4.0,2.0,2.0,318.0,182.0,2016.0,840.0,2023-10-24,7.0,False,840000.0,420000.0
658B BARBADOES STREET ,"EDGEWARE, CHRISTCHURCH",8013,3.0,1.0,1.0,418.0,130.0,2019.0,740.0,2023-10-25,7.0,False,800000.0,485000.0
158D EDGEWARE ROAD ,"EDGEWARE, CHRISTCHURCH",8013,3.0,1.0,2.0,218.0,140.0,1990.0,490.0,2023-10-25,7.0,False,610000.0,240000.0
5/121 BISHOP STREET ,"ST ALBANS, CHRISTCHURCH",8014,3.0,2.0,1.0,208.0,80.0,2005.0,550.0,2023-10-27,7.0,False,730000.0,350000.0
16 DOVER STREET ,"ST ALBANS, CHRISTCHURCH",8014,3.0,1.0,1.0,250.0,82.0,1920.0,540.0,2023-10-27,7.0,False,680000.0,370000.0
6 ARCHER STREET ,"MAIREHAU, CHRISTCHURCH",8013,2.0,1.0,1.0,218.0,60.0,1970.0,495.0,2023-10-27,7.0,False,435000.0,230000.0
109D WARRINGTON STREET ,"MAIREHAU, CHRISTCHURCH",8013,2.0,2.0,1.0,131.0,110.0,2023.0,595.0,2023-10-28,7.0,False,690000.0,230000.0
5/165 CRANFORD STREET ,"ST ALBANS, CHRISTCHURCH",8014,2.0,1.0,1.0,218.0,75.0,2021.0,500.0,2023-10-28,7.0,False,600000.0,190000.0
D3/101 CALEDONIAN ROAD ,"ST ALBANS, CHRISTCHURCH",8014,1.0,1.0,2.0,218.0,57.0,2010.0,460.0,2023-10-28,7.0,False,415000.0,175000.0
21 WARRINGTON STREET ,"MAIREHAU, CHRISTCHURCH",8013,3.0,2.0,2.0,330.0,143.0,2000.0,680.0,2023-10-30,7.0,False,670000.0,285000.0
534B MADRAS STREET ,"ST ALBANS, CHRISTCHURCH",8014,2.0,2.0,1.0,273.0,77.0,2022.0,550.0,2023-10-30,7.0,False,650000.0,270000.0
3/176 EDGEWARE ROAD ,"EDGEWARE, CHRISTCHURCH",8013,3.0,1.0,1.0,218.0,70.0,1975.0,460.0,2023-11-01,7.0,False,420000.0,335000.0
2/1007 COLOMBO STREET ,"ST ALBANS, CHRISTCHURCH",8014,2.0,1.0,1.0,218.0,90.0,1975.0,550.0,2023-11-02,7.0,False,580000.0,400000.0
111 CRANFORD STREET ,"ST ALBANS, CHRISTCHURCH",8014,3.0,1.0,1.0,330.0,121.0,1905.0,500.0,2023-11-03,26.0,False,560000.0,265000.0
4/44 RANFURLY STREET ,"ST ALBANS, CHRISTCHURCH",8014,2.0,1.0,1.0,218.0,80.0,1970.0,495.0,2023-11-03,7.0,False,490000.0,215000.0
1/56 TRAFALGAR STREET ,"ST ALBANS, CHRISTCHURCH",8014,2.0,1.0,1.0,218.0,110.0,1980.0,485.0,2023-11-03,7.0,False,650000.0,280000.0
15/27 CORNWALL STREET ,"ST ALBANS, CHRISTCHURCH",8014,2.0,1.0,2.0,218.0,90.0,2016.0,440.0,2023-11-06,7.0,False,640000.0,220000.0
1/143 CRANFORD STREET ,"ST ALBANS, CHRISTCHURCH",8014,2.0,1.0,13.0,191.0,80.0,2022.0,525.0,2023-11-07,19.0,False,620000.0,240000.0
95 HOLLY ROAD ,"ST ALBANS, CHRISTCHURCH",8014,4.0,3.0,2.0,412.0,340.0,1995.0,1680.0,2023-11-08,22.0,False,1840000.0,640000.0
3/534 BARBADOES STREET ,"EDGEWARE, CHRISTCHURCH",8013,1.0,1.0,1.0,150.0,55.0,1960.0,370.0,2023-11-08,7.0,False,375000.0,210000.0
541 MADRAS STREET ,"ST ALBANS, CHRISTCHURCH",8014,4.0,1.0,2.0,218.0,170.0,1990.0,660.0,2023-11-09,7.0,False,700000.0,370000.0
8/557 MANCHESTER STREET ,"ST ALBANS, CHRISTCHURCH",8014,1.0,2.0,8.0,106.0,72.0,2023.0,540.0,2023-11-09,7.0,False,690000.0,265000.0
2/27 CORNWALL STREET ,"ST ALBANS, CHRISTCHURCH",8014,3.0,1.0,2.0,218.0,90.0,2016.0,500.0,2023-11-09,7.0,False,660000.0,240000.0
4/990 COLOMBO STREET ,"ST ALBANS, CHRISTCHURCH",8014,2.0,1.0,1.0,218.0,80.0,1965.0,425.0,2023-11-09,22.0,False,435000.0,335000.0
2/140 SAINT ALBANS STREET ,"ST ALBANS, CHRISTCHURCH",8014,2.0,2.0,1.0,208.0,90.0,2023.0,580.0,2023-11-10,7.0,False,685000.0,285000.0
2/230 SPRINGFIELD ROAD ,"ST ALBANS, CHRISTCHURCH",8014,2.0,1.0,1.0,218.0,90.0,1970.0,489.0,2023-11-10,17.0,False,470000.0,240000.0
1/491 BARBADOES STREET ,"EDGEWARE, CHRISTCHURCH",8013,2.0,1.0,1.0,218.0,80.0,1975.0,450.0,2023-11-10,7.0,False,455000.0,250000.0
572 MADRAS STREET ,"ST ALBANS, CHRISTCHURCH",8014,3.0,1.0,1.0,442.0,94.0,1920.0,495.0,2023-11-12,7.0,False,580000.0,485000.0
21 PASCOE AVENUE ,"MAIREHAU, CHRISTCHURCH",8013,3.0,1.0,2.0,665.0,121.0,1930.0,589.0,2023-11-14,7.0,False,740000.0,410000.0
3/424 MANCHESTER STREET ,"ST ALBANS, CHRISTCHURCH",8014,2.0,2.0,1.0,89.0,90.0,2011.0,530.0,2023-11-14,33.0,False,520000.0,240000.0
12 HENDON STREET ,"EDGEWARE, CHRISTCHURCH",8013,4.0,1.0,1.0,647.0,133.0,1915.0,320.0,2023-11-15,7.0,False,930000.0,650000.0
99E WARRINGTON STREET ,CHRISTCHURCH,-,3.0,3.0,1.0,283.0,147.0,2022.0,690.0,2023-11-16,21.0,False,810000.0,295000.0
4/24 OXLEY AVENUE ,"ST ALBANS, CHRISTCHURCH",8014,2.0,1.0,1.0,218.0,90.0,1980.0,540.0,2023-11-16,4.0,False,470000.0,170000.0
109C WARRINGTON STREET ,"MAIREHAU, CHRISTCHURCH",8013,2.0,2.0,1.0,131.0,96.0,2023.0,590.0,2023-11-17,28.0,False,680000.0,230000.0
3/126 BISHOP STREET ,"ST ALBANS, CHRISTCHURCH",8014,2.0,1.0,1.0,218.0,80.0,1975.0,425.0,2023-11-17,7.0,False,390000.0,265000.0
76C CANON STREET ,"ST ALBANS, CHRISTCHURCH",8014,2.0,1.0,1.0,184.0,91.0,2005.0,480.0,2023-11-20,7.0,False,530000.0,280000.0
16/27 CORNWALL STREET ,"ST ALBANS, CHRISTCHURCH",8014,3.0,1.0,1.0,218.0,90.0,1970.0,440.0,2023-11-20,7.0,False,610000.0,220000.0
12 JACOBS STREET ,"ST ALBANS, CHRISTCHURCH",8014,3.0,2.0,1.0,645.0,130.0,1920.0,640.0,2023-11-21,7.0,False,900000.0,620000.0
2A ETHNE STREET ,"MAIREHAU, CHRISTCHURCH",8013,3.0,1.0,1.0,218.0,150.0,1985.0,600.0,2023-11-21,8.0,False,720000.0,220000.0
6/27 CORNWALL STREET ,"ST ALBANS, CHRISTCHURCH",8014,3.0,1.0,1.0,218.0,90.0,1970.0,570.0,2023-11-21,7.0,False,520000.0,255000.0
608 BARBADOES STREET ,"EDGEWARE, CHRISTCHURCH",8013,4.0,3.0,1.0,531.0,140.0,1910.0,380.0,2023-11-21,7.0,False,610000.0,550000.0
62A PURCHAS STREET ,"ST ALBANS, CHRISTCHURCH",8014,3.0,1.0,2.0,225.0,146.0,2000.0,695.0,2023-11-22,22.0,False,670000.0,315000.0
2/61 SAINT ALBANS STREET ,"ST ALBANS, CHRISTCHURCH",8014,2.0,1.0,1.0,218.0,113.0,1980.0,675.0,2023-11-25,7.0,False,760000.0,325000.0
73 SAINT ALBANS STREET ,"ST ALBANS, CHRISTCHURCH",8014,3.0,2.0,2.0,612.0,191.0,1940.0,850.0,2023-11-28,7.0,False,1350000.0,900000.0
1/56 BISHOP STREET ,"ST ALBANS, CHRISTCHURCH",8014,3.0,2.0,1.0,218.0,134.0,2016.0,595.0,2023-11-28,33.0,False,880000.0,520000.0
2/444 MANCHESTER STREET ,"ST ALBANS, CHRISTCHURCH",8014,2.0,1.0,1.0,218.0,70.0,1975.0,430.0,2023-11-29,14.0,False,455000.0,280000.0
114A BISHOP STREET ,"ST ALBANS, CHRISTCHURCH",8014,3.0,2.0,2.0,285.0,185.0,2000.0,660.0,2023-11-30,7.0,False,840000.0,435000.0
85 MALVERN STREET ,"ST ALBANS, CHRISTCHURCH",8014,3.0,1.0,2.0,218.0,160.0,1990.0,560.0,2023-11-30,7.0,False,860000.0,590000.0
1/182 GERALDINE STREET ,"EDGEWARE, CHRISTCHURCH",8013,2.0,1.0,3.0,690.0,300.0,1970.0,465.0,2023-11-30,7.0,False,670000.0,305000.0
2/58 SOMME STREET ,"ST ALBANS, CHRISTCHURCH",8014,2.0,1.0,1.0,90.0,80.0,2023.0,560.0,2023-12-01,38.0,False,700000.0,280000.0
3/90 EDGEWARE ROAD ,"ST ALBANS, CHRISTCHURCH",8014,2.0,1.0,1.0,218.0,73.0,2015.0,480.0,2023-12-01,7.0,False,600000.0,210000.0
2A COLES PLACE ,"ST ALBANS, CHRISTCHURCH",8014,2.0,1.0,1.0,218.0,100.0,1980.0,420.0,2023-12-03,7.0,False,670000.0,255000.0
138E HOLLY ROAD ,"ST ALBANS, CHRISTCHURCH",8014,4.0,5.0,1.0,195.0,139.0,2015.0,790.0,2023-12-04,7.0,False,940000.0,410000.0
3/7 DOVER STREET ,"ST ALBANS, CHRISTCHURCH",8014,2.0,1.0,1.0,218.0,90.0,1970.0,550.0,2023-12-04,7.0,False,560000.0,405000.0
2/128 BISHOP STREET ,"ST ALBANS, CHRISTCHURCH",8014,3.0,4.0,1.0,198.0,150.0,2022.0,720.0,2023-12-05,8.0,False,850000.0,295000.0
5 KINLEYS LANE ,"ST ALBANS, CHRISTCHURCH",8014,3.0,1.0,2.0,410.0,201.0,1990.0,690.0,2023-12-05,7.0,False,1100000.0,640000.0
547 BARBADOES STREET ,"EDGEWARE, CHRISTCHURCH",8013,3.0,2.0,2.0,171.0,143.0,2000.0,650.0,2023-12-05,7.0,False,630000.0,340000.0
1/550 BARBADOES STREET ,"EDGEWARE, CHRISTCHURCH",8013,2.0,1.0,1.0,122.0,78.0,2020.0,500.0,2023-12-05,22.0,False,610000.0,230000.0
1/26 TRAFALGAR STREET ,"ST ALBANS, CHRISTCHURCH",8014,2.0,1.0,1.0,218.0,80.0,1970.0,460.0,2023-12-05,7.0,False,510000.0,365000.0
1/9 ALLARD STREET ,"EDGEWARE, CHRISTCHURCH",8013,2.0,1.0,1.0,218.0,60.0,1970.0,450.0,2023-12-05,41.0,False,460000.0,160000.0
998B COLOMBO STREET ,"ST ALBANS, CHRISTCHURCH",8014,4.0,2.0,2.0,208.0,186.0,2008.0,850.0,2023-12-06,8.0,False,920000.0,400000.0
208 SPRINGFIELD ROAD ,"ST ALBANS, CHRISTCHURCH",8014,5.0,1.0,1.0,218.0,151.0,1905.0,800.0,2023-12-06,8.0,False,750000.0,500000.0
652B BARBADOES STREET ,"EDGEWARE, CHRISTCHURCH",8013,3.0,2.0,1.0,287.0,95.0,2017.0,595.0,2023-12-06,8.0,False,710000.0,380000.0
5/240 SPRINGFIELD ROAD ,"ST ALBANS, CHRISTCHURCH",8014,1.0,1.0,1.0,218.0,80.0,1960.0,459.0,2023-12-06,7.0,False,400000.0,215000.0
5/21 HENDON STREET ,"EDGEWARE, CHRISTCHURCH",8013,2.0,1.0,1.0,136.0,72.0,2022.0,520.0,2023-12-07,36.0,False,640000.0,220000.0
51 MERSEY STREET ,"ST ALBANS, CHRISTCHURCH",8014,4.0,1.0,1.0,736.0,141.0,1920.0,550.0,2023-12-09,39.0,False,900000.0,590000.0
6/550 BARBADOES STREET ,"EDGEWARE, CHRISTCHURCH",8013,2.0,1.0,1.0,86.0,78.0,2020.0,510.0,2023-12-09,7.0,False,600000.0,210000.0
26 ROOSEVELT AVENUE ,"ST ALBANS, CHRISTCHURCH",8014,4.0,1.0,1.0,840.0,150.0,1935.0,850.0,2023-12-11,7.0,False,1090000.0,740000.0
28 PURCHAS STREET ,"ST ALBANS, CHRISTCHURCH",8014,3.0,1.0,1.0,480.0,112.0,1910.0,600.0,2023-12-12,7.0,False,700000.0,590000.0
89 DOVER STREET ,"ST ALBANS, CHRISTCHURCH",8014,3.0,1.0,1.0,450.0,90.0,1960.0,555.0,2023-12-12,7.0,False,670000.0,470000.0
209B CRANFORD STREET ,"ST ALBANS, CHRISTCHURCH",8014,2.0,2.0,1.0,67.0,80.0,2022.0,580.0,2023-12-14,7.0,False,600000.0,190000.0
209 WESTMINSTER STREET ,"MAIREHAU, CHRISTCHURCH",8013,4.0,2.0,1.0,756.0,164.0,1920.0,770.0,2023-12-18,22.0,False,880000.0,450000.0
2/114 CRANFORD STREET ,"ST ALBANS, CHRISTCHURCH",8014,2.0,2.0,1.0,169.0,121.0,2023.0,650.0,2023-12-18,22.0,False,720000.0,210000.0
132 BISHOP STREET ,"ST ALBANS, CHRISTCHURCH",8014,3.0,1.0,1.0,218.0,121.0,1950.0,765.0,2023-12-19,19.0,False,1100000.0,800000.0
3/46 TRAFALGAR STREET ,"ST ALBANS, CHRISTCHURCH",8014,2.0,1.0,1.0,218.0,92.0,2016.0,410.0,2023-12-19,22.0,False,700000.0,280000.0
2/9 SOMME STREET ,"ST ALBANS, CHRISTCHURCH",8014,2.0,1.0,1.0,218.0,80.0,1970.0,580.0,2023-12-27,22.0,False,620000.0,395000.0
473B MANCHESTER STREET ,"ST ALBANS, CHRISTCHURCH",8014,3.0,2.0,1.0,147.0,128.0,2013.0,650.0,2024-01-01,7.0,False,850000.0,305000.0
2/30 EVERSLEIGH STREET ,"ST ALBANS, CHRISTCHURCH",8014,3.0,2.0,2.0,257.0,165.0,2007.0,720.0,2024-01-04,7.0,False,880000.0,430000.0
1/78 HOLLY ROAD ,"ST ALBANS, CHRISTCHURCH",8014,2.0,1.0,1.0,218.0,70.0,1960.0,450.0,2024-01-04,7.0,False,430000.0,255000.0
3/32 EDWARD AVENUE ,"EDGEWARE, CHRISTCHURCH",8013,2.0,1.0,1.0,218.0,76.0,2017.0,470.0,2024-01-05,7.0,False,570000.0,170000.0
1/160 EDGEWARE ROAD ,"EDGEWARE, CHRISTCHURCH",8013,2.0,1.0,1.0,218.0,110.0,1990.0,350.0,2024-01-08,7.0,False,310000.0,260000.0
15 SOMME STREET ,"ST ALBANS, CHRISTCHURCH",8014,3.0,3.0,1.0,348.0,159.0,1935.0,850.0,2024-01-09,32.0,False,1000000.0,550000.0
4/138 WESTMINSTER STREET ,"ST ALBANS, CHRISTCHURCH",8014,2.0,1.0,1.0,136.0,96.0,2021.0,550.0,2024-01-10,7.0,False,700000.0,210000.0
1036D COLOMBO STREET ,"ST ALBANS, CHRISTCHURCH",8014,2.0,1.0,1.0,218.0,61.0,2014.0,510.0,2024-01-10,7.0,False,520000.0,200000.0
2/54 FRANCIS AVENUE ,"MAIREHAU, CHRISTCHURCH",8013,2.0,1.0,2.0,218.0,140.0,1990.0,730.0,2024-01-11,7.0,False,720000.0,370000.0
3/90 SPRINGFIELD ROAD ,"ST ALBANS, CHRISTCHURCH",8014,2.0,1.0,2.0,218.0,130.0,1990.0,620.0,2024-01-11,7.0,False,610000.0,305000.0
18 ALLARD STREET ,"EDGEWARE, CHRISTCHURCH",8013,3.0,1.0,1.0,572.0,104.0,1930.0,570.0,2024-01-11,7.0,False,600000.0,540000.0
167B GERALDINE STREET ,"EDGEWARE, CHRISTCHURCH",8013,2.0,2.0,1.0,153.0,99.0,2023.0,550.0,2024-01-11,8.0,False,650000.0,240000.0
3/966 COLOMBO STREET ,"ST ALBANS, CHRISTCHURCH",8014,5.0,3.0,3.0,493.0,303.0,2014.0,530.0,2024-01-11,7.0,False,1450000.0,620000.0
228 CRANFORD STREET ,"ST ALBANS, CHRISTCHURCH",8014,5.0,2.0,2.0,718.0,190.0,1930.0,520.0,2024-01-11,7.0,False,760000.0,540000.0
2/14 MURITAI TERRACE ,"MOUNT PLEASANT, CHRISTCHURCH",8081,2.0,1.0,2.0,218.0,100.0,1970.0,250.0,2024-01-11,7.0,False,640000.0,340000.0
167C GERALDINE STREET ,"EDGEWARE, CHRISTCHURCH",8013,2.0,2.0,1.0,152.0,99.0,2023.0,580.0,2024-01-12,15.0,False,650000.0,240000.0
140C SHERBORNE STREET ,"ST ALBANS, CHRISTCHURCH",8014,3.0,1.0,2.0,218.0,145.0,2000.0,550.0,2024-01-12,7.0,False,600000.0,310000.0
71B CRANFORD STREET ,"ST ALBANS, CHRISTCHURCH",8014,2.0,2.0,1.0,218.0,126.0,2015.0,395.0,2024-01-12,7.0,False,660000.0,255000.0
32A EVERSLEIGH STREET ,"ST ALBANS, CHRISTCHURCH",8014,4.0,4.0,1.0,218.0,129.0,2011.0,790.0,2024-01-15,7.0,False,750000.0,295000.0
4/113 BISHOP STREET ,"ST ALBANS, CHRISTCHURCH",8014,3.0,4.0,1.0,186.0,123.0,2020.0,750.0,2024-01-15,7.0,False,770000.0,400000.0
2/455 MADRAS STREET ,"ST ALBANS, CHRISTCHURCH",8014,3.0,1.0,1.0,218.0,110.0,1980.0,595.0,2024-01-15,10.0,False,520000.0,445000.0
5/80 BISHOP STREET ,"ST ALBANS, CHRISTCHURCH",8014,2.0,1.0,1.0,218.0,58.0,2016.0,495.0,2024-01-15,7.0,False,445000.0,245000.0
471 MANCHESTER STREET ,"ST ALBANS, CHRISTCHURCH",8014,3.0,1.0,2.0,201.0,145.0,2000.0,675.0,2024-01-16,3.0,False,700000.0,295000.0
38 FRANCIS AVENUE ,"MAIREHAU, CHRISTCHURCH",8013,3.0,1.0,2.0,760.0,150.0,1910.0,630.0,2024-01-16,7.0,False,900000.0,460000.0
3/167 CRANFORD STREET ,"ST ALBANS, CHRISTCHURCH",8014,2.0,1.0,1.0,218.0,74.0,2021.0,540.0,2024-01-16,37.0,False,600000.0,190000.0
41 JACOBS STREET ,"ST ALBANS, CHRISTCHURCH",8014,3.0,2.0,1.0,625.0,124.0,1920.0,220.0,2024-01-16,7.0,False,1100000.0,620000.0
43B PURCHAS STREET ,"ST ALBANS, CHRISTCHURCH",8014,3.0,2.0,1.0,214.0,110.0,2005.0,590.0,2024-01-17,7.0,False,550000.0,350000.0
30A RUTLAND STREET ,"ST ALBANS, CHRISTCHURCH",8014,2.0,2.0,1.0,179.0,95.0,2023.0,575.0,2024-01-17,7.0,False,660000.0,300000.0
2/167 INNES ROAD ,ST ALBANS,8052,2.0,1.0,1.0,175.0,70.0,2023.0,540.0,2024-01-17,41.0,False,680000.0,300000.0
5/34 EVERSLEIGH STREET ,"ST ALBANS, CHRISTCHURCH",8014,3.0,1.0,1.0,218.0,110.0,1990.0,470.0,2024-01-17,7.0,False,600000.0,295000.0
3/75 GERALDINE STREET ,"EDGEWARE, CHRISTCHURCH",8013,2.0,1.0,1.0,218.0,56.0,2016.0,460.0,2024-01-17,7.0,False,450000.0,185000.0
72 AYLESFORD STREET ,"MAIREHAU, CHRISTCHURCH",8013,2.0,1.0,2.0,632.0,102.0,1920.0,600.0,2024-01-18,37.0,False,650000.0,410000.0
99B WARRINGTON STREET ,CHRISTCHURCH,-,3.0,3.0,1.0,195.0,147.0,2022.0,670.0,2024-01-19,7.0,False,800000.0,285000.0
3/555 MANCHESTER STREET ,"ST ALBANS, CHRISTCHURCH",8014,3.0,2.0,1.0,146.0,135.0,2020.0,700.0,2024-01-20,16.0,False,840000.0,360000.0
77A ABBERLEY CRESCENT ,"ST ALBANS, CHRISTCHURCH",8014,3.0,1.0,2.0,218.0,140.0,1970.0,550.0,2024-01-20,7.0,False,670000.0,415000.0
50 DOVER STREET ,"ST ALBANS, CHRISTCHURCH",8014,3.0,2.0,2.0,218.0,150.0,1995.0,700.0,2024-01-24,7.0,False,750000.0,395000.0
19 RUTLAND STREET ,"ST ALBANS, CHRISTCHURCH",8014,3.0,1.0,1.0,559.0,100.0,1960.0,600.0,2024-01-24,7.0,False,790000.0,510000.0
102/165 CRANFORD STREET ,"ST ALBANS, CHRISTCHURCH",8014,1.0,1.0,1.0,218.0,48.0,2021.0,410.0,2024-01-24,7.0,False,540000.0,190000.0
4/30 EDGEWARE ROAD ,"ST ALBANS, CHRISTCHURCH",8014,2.0,1.0,1.0,218.0,70.0,1965.0,550.0,2024-01-24,7.0,False,365000.0,285000.0
77 RUTLAND STREET ,"ST ALBANS, CHRISTCHURCH",8014,4.0,2.0,2.0,733.0,155.0,1905.0,1200.0,2024-01-25,7.0,False,1800000.0,670000.0
32 BERWICK STREET ,"ST ALBANS, CHRISTCHURCH",8014,4.0,1.0,2.0,524.0,104.0,1955.0,590.0,2024-01-25,7.0,False,660000.0,580000.0
111 CALEDONIAN ROAD ,"ST ALBANS, CHRISTCHURCH",8014,4.0,2.0,1.0,524.0,140.0,1905.0,500.0,2024-01-25,7.0,False,810000.0,660000.0
1/137 HOLLY ROAD ,"ST ALBANS, CHRISTCHURCH",8014,4.0,4.0,4.0,513.0,240.0,1965.0,380.0,2024-01-25,7.0,False,1200000.0,830000.0
6/21 HENDON STREET ,"EDGEWARE, CHRISTCHURCH",8013,2.0,1.0,1.0,120.0,73.0,2022.0,530.0,2024-01-26,8.0,False,640000.0,220000.0
3/18 ALBANY STREET ,"ST ALBANS, CHRISTCHURCH",8014,2.0,1.0,1.0,218.0,110.0,1970.0,520.0,2024-01-26,7.0,False,640000.0,430000.0
6/611 MADRAS STREET ,"ST ALBANS, CHRISTCHURCH",8014,2.0,1.0,1.0,161.0,87.0,1990.0,580.0,2024-01-29,15.0,False,530000.0,260000.0
138 PACKE STREET ,"EDGEWARE, CHRISTCHURCH",8013,2.0,1.0,1.0,218.0,70.0,1975.0,525.0,2024-01-29,6.0,False,370000.0,260000.0
94 PACKE STREET ,"EDGEWARE, CHRISTCHURCH",8013,3.0,1.0,2.0,193.0,99.0,2005.0,580.0,2024-01-30,7.0,False,640000.0,235000.0
13/93 PACKE STREET ,"EDGEWARE, CHRISTCHURCH",8013,3.0,2.0,2.0,305.0,126.0,2016.0,650.0,2024-01-31,7.0,False,750000.0,285000.0
2/36 ALLARD STREET ,"EDGEWARE, CHRISTCHURCH",8013,2.0,1.0,1.0,147.0,66.0,2024.0,550.0,2024-01-31,8.0,False,660000.0,250000.0
490B MANCHESTER STREET ,"ST ALBANS, CHRISTCHURCH",8014,4.0,2.0,1.0,326.0,171.0,2005.0,790.0,2024-02-01,7.0,False,700000.0,430000.0
1/80 BISHOP STREET ,"ST ALBANS, CHRISTCHURCH",8014,2.0,5.0,5.0,931.0,280.0,1974.0,435.0,2024-02-01,7.0,False,670000.0,305000.0
14 VERLAMIO LANE ,"EDGEWARE, CHRISTCHURCH",8013,2.0,2.0,1.0,189.0,96.0,2019.0,560.0,2024-02-02,7.0,False,660000.0,260000.0
4/36 ALLARD STREET ,"EDGEWARE, CHRISTCHURCH",8013,2.0,1.0,1.0,127.0,66.0,2024.0,530.0,2024-02-07,7.0,False,660000.0,240000.0
1/123 SHERBORNE STREET ,"ST ALBANS, CHRISTCHURCH",8014,3.0,2.0,1.0,76.0,77.0,2021.0,510.0,2024-02-07,7.0,False,600000.0,205000.0
2/507 MANCHESTER STREET ,"ST ALBANS, CHRISTCHURCH",8014,3.0,1.0,2.0,218.0,150.0,1997.0,645.0,2024-02-08,7.0,False,630000.0,335000.0
49 HARRISON STREET ,"MAIREHAU, CHRISTCHURCH",8013,2.0,1.0,1.0,481.0,70.0,1950.0,900.0,2024-02-10,7.0,False,565000.0,340000.0
3/477 MADRAS STREET ,"ST ALBANS, CHRISTCHURCH",8014,3.0,1.0,2.0,105.0,140.0,1990.0,520.0,2024-02-10,7.0,False,300000.0,265000.0
4/168 EDGEWARE ROAD ,"EDGEWARE, CHRISTCHURCH",8013,2.0,1.0,1.0,218.0,60.0,1965.0,335.0,2024-02-10,7.0,False,315000.0,195000.0
211A SPRINGFIELD ROAD ,"ST ALBANS, CHRISTCHURCH",8014,3.0,2.0,2.0,379.0,148.0,2014.0,800.0,2024-02-12,7.0,False,860000.0,440000.0
43 FRANCIS AVENUE ,"MAIREHAU, CHRISTCHURCH",8013,5.0,2.0,2.0,931.0,237.0,1910.0,700.0,2024-02-12,7.0,False,620000.0,560000.0
51A BISHOP STREET ,"ST ALBANS, CHRISTCHURCH",8014,3.0,2.0,2.0,213.0,163.0,2000.0,675.0,2024-02-12,7.0,False,820000.0,350000.0
8/91 SPRINGFIELD ROAD ,"ST ALBANS, CHRISTCHURCH",8014,2.0,2.0,1.0,114.0,76.0,2021.0,545.0,2024-02-12,3.0,False,710000.0,415000.0
17 KINLOCH STREET ,"ST ALBANS, CHRISTCHURCH",8014,3.0,3.0,1.0,134.0,134.0,2023.0,710.0,2024-02-13,15.0,False,870000.0,330000.0
1036G COLOMBO STREET ,"ST ALBANS, CHRISTCHURCH",8014,2.0,1.0,1.0,218.0,61.0,2014.0,500.0,2024-02-13,7.0,False,520000.0,200000.0
10 REHUA LANE ,"ST ALBANS, CHRISTCHURCH",8014,2.0,1.0,1.0,218.0,60.0,1980.0,435.0,2024-02-13,7.0,False,510000.0,210000.0
144A HOLLY ROAD ,"ST ALBANS, CHRISTCHURCH",8014,3.0,2.0,2.0,207.0,157.0,2010.0,750.0,2024-02-15,7.0,False,990000.0,430000.0
2/12 OXLEY AVENUE ,"ST ALBANS, CHRISTCHURCH",8014,2.0,1.0,1.0,218.0,90.0,1970.0,500.0,2024-02-15,16.0,False,430000.0,180000.0
191 CRANFORD STREET ,"ST ALBANS, CHRISTCHURCH",8014,2.0,1.0,1.0,650.0,110.0,1930.0,470.0,2024-02-15,17.0,False,690000.0,380000.0
420 MANCHESTER STREET ,"ST ALBANS, CHRISTCHURCH",8014,2.0,2.0,1.0,167.0,131.0,2017.0,570.0,2024-02-16,7.0,False,750000.0,325000.0
1036E COLOMBO STREET ,"ST ALBANS, CHRISTCHURCH",8014,2.0,1.0,1.0,218.0,61.0,2014.0,500.0,2024-02-19,7.0,False,520000.0,200000.0
493E MANCHESTER STREET ,"ST ALBANS, CHRISTCHURCH",8014,3.0,2.0,2.0,218.0,183.0,2000.0,680.0,2024-02-20,20.0,False,710000.0,350000.0
6/459 MADRAS STREET ,"ST ALBANS, CHRISTCHURCH",8014,1.0,1.0,1.0,218.0,40.0,1975.0,380.0,2024-02-20,7.0,False,320000.0,230000.0
6/168 EDGEWARE ROAD ,"EDGEWARE, CHRISTCHURCH",8013,1.0,1.0,1.0,218.0,60.0,1965.0,335.0,2024-02-21,7.0,False,315000.0,195000.0
2/234A SPRINGFIELD ROAD ,"ST ALBANS, CHRISTCHURCH",8014,2.0,1.0,1.0,218.0,90.0,1990.0,465.0,2024-02-22,7.0,False,550000.0,230000.0
15 ETHNE STREET ,"MAIREHAU, CHRISTCHURCH",8013,2.0,1.0,1.0,632.0,120.0,1950.0,675.0,2024-02-23,8.0,False,740000.0,420000.0
4/169 CRANFORD STREET ,"ST ALBANS, CHRISTCHURCH",8014,2.0,1.0,1.0,218.0,74.0,2021.0,560.0,2024-02-23,7.0,False,600000.0,190000.0
109 TRAFALGAR STREET ,"ST ALBANS, CHRISTCHURCH",8014,3.0,1.0,2.0,402.0,112.0,1930.0,700.0,2024-02-26,7.0,False,790000.0,430000.0
210 CRANFORD STREET ,"ST ALBANS, CHRISTCHURCH",8014,3.0,1.0,2.0,620.0,130.0,1930.0,600.0,2024-02-26,7.0,False,780000.0,435000.0
7/129 SHERBORNE STREET ,"ST ALBANS, CHRISTCHURCH",8014,2.0,1.0,1.0,75.0,71.0,2022.0,590.0,2024-02-26,7.0,False,630000.0,205000.0
45 CANON STREET ,"ST ALBANS, CHRISTCHURCH",8014,3.0,3.0,5.0,139.0,153.0,2021.0,710.0,2024-02-27,35.0,False,950000.0,305000.0
4/21 HENDON STREET ,"EDGEWARE, CHRISTCHURCH",8013,2.0,1.0,1.0,124.0,72.0,2022.0,535.0,2024-02-27,7.0,False,640000.0,220000.0
1/53 CORNWALL STREET ,"ST ALBANS, CHRISTCHURCH",8014,3.0,1.0,1.0,218.0,112.0,1945.0,485.0,2024-02-27,7.0,False,650000.0,325000.0
62D CLEVELAND STREET ,"EDGEWARE, CHRISTCHURCH",8013,2.0,1.0,1.0,146.0,72.0,2023.0,540.0,2024-02-28,7.0,False,590000.0,260000.0
2/108 CRANFORD STREET ,"ST ALBANS, CHRISTCHURCH",8014,2.0,1.0,1.0,218.0,60.0,1970.0,485.0,2024-02-28,7.0,False,330000.0,137000.0
3/118 GERALDINE STREET ,"EDGEWARE, CHRISTCHURCH",8013,2.0,1.0,1.0,218.0,60.0,1975.0,430.0,2024-02-28,7.0,False,370000.0,200000.0
7/37 CORNWALL STREET ,"ST ALBANS, CHRISTCHURCH",8014,3.0,2.0,2.0,218.0,120.0,1990.0,600.0,2024-02-29,7.0,False,680000.0,295000.0
1013 COLOMBO STREET ,"ST ALBANS, CHRISTCHURCH",8014,4.0,1.0,2.0,501.0,140.0,1905.0,250.0,2024-02-29,7.0,False,770000.0,700000.0
972A COLOMBO STREET ,"ST ALBANS, CHRISTCHURCH",8014,3.0,2.0,2.0,240.0,141.0,2005.0,650.0,2024-03-02,7.0,False,700000.0,430000.0
4 SQUIRE STREET ,"MAIREHAU, CHRISTCHURCH",8013,3.0,1.0,1.0,640.0,190.0,1939.0,575.0,2024-03-02,7.0,False,910000.0,350000.0
1/603 BARBADOES STREET ,"EDGEWARE, CHRISTCHURCH",8013,4.0,2.0,1.0,218.0,130.0,1925.0,425.0,2024-03-03,86.0,False,300000.0,265000.0
154 HOLLY ROAD ,"ST ALBANS, CHRISTCHURCH",8014,3.0,1.0,1.0,159.0,151.0,2012.0,750.0,2024-03-04,26.0,False,950000.0,390000.0
7/21 HENDON STREET ,"EDGEWARE, CHRISTCHURCH",8013,2.0,1.0,1.0,127.0,92.0,2022.0,560.0,2024-03-04,7.0,False,680000.0,220000.0
24 COLES PLACE ,"ST ALBANS, CHRISTCHURCH",8014,2.0,1.0,1.0,218.0,110.0,1990.0,550.0,2024-03-04,7.0,False,530000.0,240000.0
67A SAINT ALBANS STREET ,"ST ALBANS, CHRISTCHURCH",8014,5.0,4.0,4.0,959.0,330.0,1980.0,485.0,2024-03-04,7.0,False,670000.0,305000.0
3/11 RADNOR STREET ,"ST ALBANS, CHRISTCHURCH",8014,2.0,1.0,1.0,218.0,50.0,1970.0,340.0,2024-03-04,7.0,False,455000.0,220000.0
115 BISHOP STREET ,"ST ALBANS, CHRISTCHURCH",8014,3.0,1.0,3.0,660.0,141.0,1910.0,700.0,2024-03-05,7.0,False,1020000.0,810000.0
18 SEVERN STREET ,"ST ALBANS, CHRISTCHURCH",8014,3.0,1.0,1.0,658.0,140.0,1910.0,670.0,2024-03-05,7.0,False,880000.0,410000.0
1/644 BARBADOES STREET ,"EDGEWARE, CHRISTCHURCH",8013,3.0,1.0,1.0,218.0,140.0,1985.0,650.0,2024-03-05,7.0,False,640000.0,275000.0
2/56 AYLESFORD STREET ,"MAIREHAU, CHRISTCHURCH",8013,2.0,1.0,1.0,218.0,64.0,1970.0,440.0,2024-03-05,7.0,False,375000.0,230000.0
6/561 MANCHESTER STREET ,"ST ALBANS, CHRISTCHURCH",8014,2.0,2.0,1.0,113.0,92.0,2023.0,570.0,2024-03-06,7.0,False,730000.0,360000.0
5/611 MADRAS STREET ,"ST ALBANS, CHRISTCHURCH",8014,2.0,1.0,1.0,112.0,61.0,1990.0,550.0,2024-03-11,57.0,False,490000.0,240000.0
3/6 KINLOCH STREET ,"ST ALBANS, CHRISTCHURCH",8014,2.0,1.0,1.0,218.0,65.0,1960.0,550.0,2024-03-11,7.0,False,405000.0,250000.0
89 MERSEY STREET ,"ST ALBANS, CHRISTCHURCH",8014,3.0,1.0,1.0,635.0,113.0,1915.0,630.0,2024-03-12,7.0,False,850000.0,410000.0
71 WARRINGTON STREET ,"MAIREHAU, CHRISTCHURCH",8013,3.0,1.0,1.0,218.0,130.0,1910.0,625.0,2024-03-12,7.0,False,560000.0,275000.0
76A PACKE STREET ,"EDGEWARE, CHRISTCHURCH",8013,3.0,1.0,1.0,162.0,140.0,2006.0,570.0,2024-03-12,7.0,False,590000.0,245000.0
4/107 EDGEWARE ROAD ,"ST ALBANS, CHRISTCHURCH",8014,2.0,1.0,1.0,285.0,75.0,2022.0,530.0,2024-03-13,7.0,False,650000.0,340000.0
77 ABBERLEY CRESCENT ,"ST ALBANS, CHRISTCHURCH",8014,4.0,1.0,2.0,218.0,160.0,1970.0,570.0,2024-03-15,7.0,False,810000.0,450000.0
24 WESTMINSTER STREET ,"ST ALBANS, CHRISTCHURCH",8014,4.0,2.0,2.0,445.0,183.0,1925.0,1050.0,2024-03-19,22.0,False,1190000.0,590000.0
91 ABBERLEY CRESCENT ,"ST ALBANS, CHRISTCHURCH",8014,3.0,1.0,1.0,506.0,100.0,1890.0,550.0,2024-03-19,152.0,False,1060000.0,670000.0
1/20 HENDON STREET ,"EDGEWARE, CHRISTCHURCH",8013,3.0,2.0,2.0,218.0,130.0,1910.0,490.0,2024-03-19,7.0,False,660000.0,335000.0
B12/101 CALEDONIAN ROAD ,"ST ALBANS, CHRISTCHURCH",8014,1.0,1.0,2.0,218.0,52.0,2000.0,420.0,2024-03-19,7.0,False,440000.0,175000.0
70 CANON STREET ,"ST ALBANS, CHRISTCHURCH",8014,3.0,2.0,2.0,211.0,125.0,2015.0,660.0,2024-03-20,7.0,False,720000.0,340000.0
4/50 BERWICK STREET ,"ST ALBANS, CHRISTCHURCH",8014,2.0,2.0,1.0,164.0,100.0,2022.0,600.0,2024-03-21,7.0,False,710000.0,285000.0
58 FLOCKTON STREET ,"MAIREHAU, CHRISTCHURCH",8013,3.0,1.0,1.0,703.0,104.0,1950.0,560.0,2024-03-21,7.0,False,670000.0,395000.0
5/64 RANFURLY STREET ,"ST ALBANS, CHRISTCHURCH",8014,2.0,1.0,1.0,218.0,110.0,1985.0,535.0,2024-03-22,7.0,False,425000.0,300000.0
31B PURCHAS STREET ,"ST ALBANS, CHRISTCHURCH",8014,2.0,2.0,1.0,78.0,77.0,2023.0,560.0,2024-03-25,11.0,False,660000.0,260000.0
5 VERLAMIO LANE ,"EDGEWARE, CHRISTCHURCH",8013,2.0,2.0,1.0,169.0,95.0,2019.0,585.0,2024-03-26,19.0,False,660000.0,260000.0
2/121 SHERBORNE STREET ,"ST ALBANS, CHRISTCHURCH",8014,3.0,2.0,1.0,82.0,78.0,2021.0,560.0,2024-03-26,7.0,False,605000.0,215000.0
6/12 EDWARD AVENUE ,"EDGEWARE, CHRISTCHURCH",8013,2.0,2.0,1.0,95.0,71.0,2023.0,570.0,2024-03-27,7.0,False,650000.0,230000.0
82A SHERBORNE STREET ,"ST ALBANS, CHRISTCHURCH",8014,3.0,2.0,2.0,311.0,142.0,2017.0,750.0,2024-03-28,7.0,False,890000.0,385000.0
213 CRANFORD STREET ,"ST ALBANS, CHRISTCHURCH",8014,4.0,2.0,2.0,650.0,155.0,1930.0,830.0,2024-03-29,7.0,False,860000.0,395000.0
541 MANCHESTER STREET ,"ST ALBANS, CHRISTCHURCH",8014,4.0,2.0,2.0,248.0,185.0,2000.0,780.0,2024-04-02,53.0,False,880000.0,390000.0
10/27 CORNWALL STREET ,"ST ALBANS, CHRISTCHURCH",8014,2.0,1.0,1.0,218.0,90.0,1970.0,500.0,2024-04-02,7.0,False,610000.0,240000.0
C2/101 CALEDONIAN ROAD ,"ST ALBANS, CHRISTCHURCH",8014,2.0,1.0,2.0,218.0,66.0,2010.0,510.0,2024-04-03,16.0,False,415000.0,175000.0
3/489 MANCHESTER STREET ,"ST ALBANS, CHRISTCHURCH",8014,2.0,2.0,1.0,192.0,119.0,2017.0,580.0,2024-04-05,7.0,False,700000.0,305000.0
2/12 KEOGHS LANE ,"ST ALBANS, CHRISTCHURCH",8014,2.0,1.0,1.0,218.0,80.0,1976.0,500.0,2024-04-05,7.0,False,530000.0,315000.0
1/119 SHERBORNE STREET ,"ST ALBANS, CHRISTCHURCH",8014,3.0,3.0,1.0,86.0,96.0,2021.0,690.0,2024-04-08,7.0,False,660000.0,215000.0
9/143 CRANFORD STREET ,"ST ALBANS, CHRISTCHURCH",8014,3.0,2.0,13.0,123.0,129.0,2022.0,650.0,2024-04-08,25.0,False,775000.0,200000.0
8/82 BISHOP STREET ,"ST ALBANS, CHRISTCHURCH",8014,2.0,1.0,1.0,218.0,70.0,1985.0,480.0,2024-04-08,12.0,False,435000.0,245000.0
3/49 BISHOP STREET ,"ST ALBANS, CHRISTCHURCH",8014,3.0,2.0,2.0,218.0,150.0,1990.0,750.0,2024-04-10,20.0,False,640000.0,280000.0
1/46 TRAFALGAR STREET ,"ST ALBANS, CHRISTCHURCH",8014,2.0,1.0,1.0,218.0,94.0,2016.0,445.0,2024-04-11,7.0,False,740000.0,320000.0
3/114 CRANFORD STREET ,"ST ALBANS, CHRISTCHURCH",8014,2.0,2.0,1.0,164.0,121.0,2023.0,650.0,2024-04-15,8.0,False,720000.0,210000.0
7/78 HOLLY ROAD ,"ST ALBANS, CHRISTCHURCH",8014,2.0,1.0,1.0,218.0,70.0,1960.0,450.0,2024-04-15,21.0,False,430000.0,190000.0
60 CALEDONIAN ROAD ,"ST ALBANS, CHRISTCHURCH",8014,3.0,1.0,2.0,508.0,120.0,1930.0,675.0,2024-04-16,33.0,False,930000.0,750000.0
16 KINLOCH STREET ,"ST ALBANS, CHRISTCHURCH",8014,3.0,2.0,1.0,889.0,160.0,1910.0,900.0,2024-04-17,7.0,False,900000.0,840000.0
81 CALEDONIAN ROAD ,"ST ALBANS, CHRISTCHURCH",8014,3.0,1.0,1.0,311.0,90.0,1910.0,700.0,2024-04-17,37.0,False,660000.0,510000.0
5/505 DURHAM STREET NORTH ,"ST ALBANS, CHRISTCHURCH",8014,2.0,2.0,1.0,122.0,70.0,2022.0,549.0,2024-04-17,7.0,False,665000.0,275000.0
72A BISHOP STREET ,"ST ALBANS, CHRISTCHURCH",8014,4.0,2.0,2.0,208.0,138.0,2000.0,780.0,2024-04-19,36.0,False,730000.0,360000.0
3/80 DOVER STREET ,"ST ALBANS, CHRISTCHURCH",8014,2.0,1.0,1.0,218.0,66.0,2017.0,530.0,2024-04-19,7.0,False,500000.0,220000.0
1/71 SPRINGFIELD ROAD ,"ST ALBANS, CHRISTCHURCH",8014,2.0,1.0,1.0,218.0,90.0,2000.0,440.0,2024-04-19,7.0,False,520000.0,215000.0
2/129 CHAMPION STREET ,"EDGEWARE, CHRISTCHURCH",8013,4.0,1.0,1.0,218.0,73.0,1970.0,480.0,2024-04-21,26.0,False,370000.0,170000.0
206A EDGEWARE ROAD ,"EDGEWARE, CHRISTCHURCH",8013,3.0,2.0,1.0,173.0,126.0,2024.0,700.0,2024-04-22,22.0,False,770000.0,250000.0
76 TRAFALGAR STREET ,"ST ALBANS, CHRISTCHURCH",8014,4.0,4.0,4.0,796.0,250.0,1970.0,395.0,2024-04-22,8.0,False,1540000.0,760000.0
45 CRANFORD STREET ,"ST ALBANS, CHRISTCHURCH",8014,4.0,2.0,1.0,463.0,120.0,1915.0,590.0,2024-04-23,7.0,False,600000.0,330000.0
2/38 SHERBORNE STREET ,"ST ALBANS, CHRISTCHURCH",8014,2.0,1.0,1.0,218.0,100.0,1970.0,395.0,2024-04-23,7.0,False,425000.0,350000.0
493D MANCHESTER STREET ,"ST ALBANS, CHRISTCHURCH",8014,3.0,2.0,2.0,218.0,159.0,2008.0,760.0,2024-04-25,7.0,False,760000.0,350000.0
48 CALEDONIAN ROAD ,"ST ALBANS, CHRISTCHURCH",8014,2.0,1.0,2.0,218.0,80.0,2014.0,550.0,2024-04-25,7.0,False,720000.0,340000.0
109A CANON STREET ,"EDGEWARE, CHRISTCHURCH",8013,2.0,2.0,1.0,296.0,97.0,2019.0,570.0,2024-04-27,7.0,False,670000.0,280000.0
135 CALEDONIAN ROAD ,"ST ALBANS, CHRISTCHURCH",8014,3.0,1.0,1.0,534.0,150.0,1925.0,975.0,2024-04-29,4.0,False,810000.0,660000.0
91 CANON STREET ,"ST ALBANS, CHRISTCHURCH",8014,2.0,2.0,1.0,126.0,122.0,2010.0,590.0,2024-04-29,9.0,False,780000.0,305000.0
1/66 CLEVELAND STREET ,"EDGEWARE, CHRISTCHURCH",8013,2.0,2.0,1.0,86.0,76.0,2023.0,570.0,2024-04-29,7.0,False,560000.0,210000.0
32 MASSEY CRESCENT ,"ST ALBANS, CHRISTCHURCH",8014,3.0,2.0,1.0,511.0,114.0,1920.0,830.0,2024-04-30,7.0,False,980000.0,570000.0
208B CRANFORD STREET ,"ST ALBANS, CHRISTCHURCH",8014,2.0,2.0,1.0,127.0,92.0,2022.0,560.0,2024-04-30,16.0,False,670000.0,210000.0
591B BARBADOES STREET ,"EDGEWARE, CHRISTCHURCH",8013,3.0,1.0,1.0,218.0,120.0,1990.0,550.0,2024-04-30,26.0,False,670000.0,250000.0
2/46 ABBERLEY CRESCENT ,"ST ALBANS, CHRISTCHURCH",8014,1.0,1.0,1.0,218.0,58.0,1975.0,450.0,2024-04-30,7.0,False,470000.0,370000.0
3/21 HENDON STREET ,"EDGEWARE, CHRISTCHURCH",8013,2.0,1.0,1.0,124.0,72.0,2022.0,550.0,2024-04-30,7.0,False,640000.0,220000.0
30 COLES PLACE ,"ST ALBANS, CHRISTCHURCH",8014,2.0,1.0,1.0,218.0,90.0,1990.0,520.0,2024-05-01,7.0,False,390000.0,220000.0
1/28 LINDSAY STREET ,"ST ALBANS, CHRISTCHURCH",8014,3.0,2.0,1.0,206.0,136.0,2023.0,750.0,2024-05-03,7.0,False,850000.0,300000.0
232 SPRINGFIELD ROAD ,"ST ALBANS, CHRISTCHURCH",8014,3.0,1.0,1.0,568.0,150.0,1950.0,620.0,2024-05-03,11.0,False,800000.0,485000.0
17 MERSEY STREET ,"ST ALBANS, CHRISTCHURCH",8014,3.0,1.0,1.0,218.0,120.0,1930.0,550.0,2024-05-04,7.0,False,610000.0,335000.0
3/36 GORDON AVENUE ,"ST ALBANS, CHRISTCHURCH",8014,3.0,2.0,1.0,218.0,120.0,1980.0,620.0,2024-05-05,19.0,False,810000.0,500000.0
96A PACKE STREET ,"EDGEWARE, CHRISTCHURCH",8013,3.0,1.0,1.0,192.0,102.0,2000.0,550.0,2024-05-06,7.0,False,580000.0,275000.0
6/489 MANCHESTER STREET ,"ST ALBANS, CHRISTCHURCH",8014,3.0,3.0,1.0,197.0,119.0,2017.0,660.0,2024-05-07,6.0,False,700000.0,305000.0
4/230 SPRINGFIELD ROAD ,"ST ALBANS, CHRISTCHURCH",8014,2.0,1.0,1.0,218.0,90.0,1970.0,530.0,2024-05-07,7.0,False,485000.0,240000.0
158E EDGEWARE ROAD ,"EDGEWARE, CHRISTCHURCH",8013,3.0,1.0,2.0,218.0,140.0,1990.0,600.0,2024-05-08,85.0,False,610000.0,240000.0
6/167 CRANFORD STREET ,"ST ALBANS, CHRISTCHURCH",8014,2.0,1.0,1.0,218.0,74.0,2021.0,530.0,2024-05-08,25.0,False,600000.0,190000.0
47 FLOCKTON STREET ,"MAIREHAU, CHRISTCHURCH",8013,3.0,1.0,2.0,678.0,144.0,2024.0,830.0,2024-05-09,16.0,False,910000.0,395000.0
56 CALEDONIAN ROAD ,"ST ALBANS, CHRISTCHURCH",8014,3.0,1.0,2.0,508.0,110.0,1930.0,550.0,2024-05-09,7.0,False,930000.0,750000.0
7/206 GERALDINE STREET ,"EDGEWARE, CHRISTCHURCH",8013,2.0,3.0,1.0,80.0,90.0,2023.0,550.0,2024-05-10,26.0,False,620000.0,210000.0
1/167 INNES ROAD ,ST ALBANS,8052,2.0,1.0,1.0,99.0,70.0,2023.0,540.0,2024-05-14,15.0,False,660000.0,260000.0
3/459 MADRAS STREET ,"ST ALBANS, CHRISTCHURCH",8014,1.0,1.0,1.0,218.0,50.0,1970.0,350.0,2024-05-17,7.0,False,350000.0,230000.0
5/44 RANFURLY STREET ,"ST ALBANS, CHRISTCHURCH",8014,2.0,1.0,1.0,218.0,80.0,1970.0,395.0,2024-05-18,6.0,False,490000.0,215000.0
82 SPRINGFIELD ROAD ,"ST ALBANS, CHRISTCHURCH",8014,4.0,3.0,4.0,712.0,240.0,2013.0,900.0,2024-05-21,7.0,False,1350000.0,1010000.0
1/46 ABBERLEY CRESCENT ,"ST ALBANS, CHRISTCHURCH",8014,3.0,1.0,1.0,218.0,124.0,1975.0,650.0,2024-05-22,7.0,False,700000.0,520000.0
3/27 WINTON STREET ,"ST ALBANS, CHRISTCHURCH",8014,2.0,1.0,1.0,115.0,80.0,2022.0,595.0,2024-05-22,10.0,False,650000.0,260000.0
6/17 EVERSLEIGH STREET ,"ST ALBANS, CHRISTCHURCH",8014,2.0,1.0,2.0,218.0,140.0,1990.0,580.0,2024-05-22,7.0,False,780000.0,325000.0
111B CANON STREET ,"EDGEWARE, CHRISTCHURCH",8013,2.0,1.0,1.0,270.0,92.0,2000.0,460.0,2024-05-23,7.0,False,530000.0,305000.0
62 PURCHAS STREET ,"ST ALBANS, CHRISTCHURCH",8014,3.0,1.0,2.0,213.0,146.0,2000.0,660.0,2024-05-24,9.0,False,670000.0,315000.0
6/225 EDGEWARE ROAD ,"EDGEWARE, CHRISTCHURCH",8013,2.0,1.0,1.0,218.0,60.0,1970.0,480.0,2024-05-24,7.0,False,360000.0,143000.0
93B WESTMINSTER STREET ,"ST ALBANS, CHRISTCHURCH",8014,2.0,1.0,1.0,218.0,80.0,1960.0,485.0,2024-05-26,7.0,False,490000.0,370000.0
6/111 EDGEWARE ROAD ,"ST ALBANS, CHRISTCHURCH",8014,2.0,1.0,1.0,176.0,75.0,2022.0,500.0,2024-05-27,20.0,False,620000.0,295000.0
73A BISHOP STREET ,"ST ALBANS, CHRISTCHURCH",8014,3.0,1.0,2.0,160.0,132.0,2006.0,620.0,2024-05-28,7.0,False,750000.0,350000.0
4/550 BARBADOES STREET ,"EDGEWARE, CHRISTCHURCH",8013,2.0,1.0,1.0,86.0,78.0,2020.0,500.0,2024-05-28,7.0,False,600000.0,210000.0
5/459 MADRAS STREET ,"ST ALBANS, CHRISTCHURCH",8014,1.0,1.0,1.0,218.0,40.0,1975.0,420.0,2024-05-28,7.0,False,320000.0,230000.0
206B EDGEWARE ROAD ,"EDGEWARE, CHRISTCHURCH",8013,2.0,1.0,1.0,80.0,85.0,2024.0,580.0,2024-05-29,46.0,False,610000.0,190000.0
87 EDWARD AVENUE ,"EDGEWARE, CHRISTCHURCH",8013,4.0,2.0,2.0,536.0,161.0,1915.0,800.0,2024-05-30,7.0,False,820000.0,550000.0
1/91 WESTMINSTER STREET ,"ST ALBANS, CHRISTCHURCH",8014,3.0,3.0,1.0,185.0,122.0,2023.0,795.0,2024-05-30,7.0,False,760000.0,245000.0
64 TRAFALGAR STREET ,"ST ALBANS, CHRISTCHURCH",8014,2.0,2.0,2.0,433.0,100.0,1960.0,430.0,2024-05-30,47.0,False,620000.0,485000.0
107 MERSEY STREET ,"ST ALBANS, CHRISTCHURCH",8014,3.0,1.0,2.0,723.0,110.0,1930.0,595.0,2024-05-31,2.0,False,870000.0,500000.0
1/55 CLEVELAND STREET ,"EDGEWARE, CHRISTCHURCH",8013,2.0,1.0,2.0,174.0,86.0,2023.0,540.0,2024-06-01,7.0,False,660000.0,300000.0
1036B COLOMBO STREET ,"ST ALBANS, CHRISTCHURCH",8014,2.0,1.0,1.0,218.0,61.0,2014.0,510.0,2024-06-01,7.0,False,520000.0,200000.0
77 BISHOP STREET ,"ST ALBANS, CHRISTCHURCH",8014,3.0,2.0,2.0,224.0,144.0,2008.0,650.0,2024-06-04,7.0,False,730000.0,360000.0
58 EDWARD AVENUE ,"EDGEWARE, CHRISTCHURCH",8013,3.0,1.0,1.0,491.0,142.0,1920.0,620.0,2024-06-04,28.0,False,810000.0,550000.0
4/6 EDWARD AVENUE ,"EDGEWARE, CHRISTCHURCH",8013,2.0,2.0,1.0,151.0,102.0,2024.0,550.0,2024-06-04,8.0,False,690000.0,290000.0
1/46 STRATHFIELD AVENUE ,"DALLINGTON, CHRISTCHURCH",8061,2.0,1.0,1.0,218.0,83.0,1975.0,470.0,2024-06-04,7.0,False,405000.0,210000.0
3/10 RADNOR STREET ,"ST ALBANS, CHRISTCHURCH",8014,2.0,1.0,1.0,166.0,63.0,2019.0,540.0,2024-06-06,7.0,False,690000.0,290000.0
2/223 SPRINGFIELD ROAD ,"ST ALBANS, CHRISTCHURCH",8014,1.0,2.0,3.0,622.0,170.0,1950.0,420.0,2024-06-07,7.0,False,660000.0,590000.0
48 BERWICK STREET ,"ST ALBANS, CHRISTCHURCH",8014,3.0,2.0,1.0,352.0,126.0,2016.0,645.0,2024-06-08,26.0,False,750000.0,350000.0
202C EDGEWARE ROAD ,"EDGEWARE, CHRISTCHURCH",8013,3.0,3.0,1.0,181.0,120.0,2024.0,700.0,2024-06-10,21.0,False,730000.0,250000.0
2/138 WESTMINSTER STREET ,"ST ALBANS, CHRISTCHURCH",8014,2.0,2.0,1.0,136.0,96.0,2021.0,530.0,2024-06-10,7.0,False,700000.0,210000.0
3/23 EDGEWARE ROAD ,"ST ALBANS, CHRISTCHURCH",8014,2.0,1.0,1.0,218.0,60.0,1970.0,450.0,2024-06-10,7.0,False,435000.0,240000.0
17 ROOSEVELT AVENUE ,"ST ALBANS, CHRISTCHURCH",8014,3.0,2.0,1.0,708.0,132.0,1920.0,775.0,2024-06-11,7.0,False,1170000.0,620000.0
9 VERLAMIO LANE ,"EDGEWARE, CHRISTCHURCH",8013,2.0,2.0,1.0,169.0,95.0,2019.0,750.0,2024-06-11,265.0,False,660000.0,260000.0
7/12 EDWARD AVENUE ,"EDGEWARE, CHRISTCHURCH",8013,2.0,2.0,1.0,178.0,71.0,2023.0,560.0,2024-06-11,39.0,False,680000.0,270000.0
5/162 SPRINGFIELD ROAD ,"ST ALBANS, CHRISTCHURCH",8014,2.0,1.0,1.0,117.0,69.0,2023.0,560.0,2024-06-11,39.0,False,640000.0,300000.0
2/160 GERALDINE STREET ,"EDGEWARE, CHRISTCHURCH",8013,2.0,1.0,1.0,218.0,73.0,2018.0,500.0,2024-06-11,22.0,False,570000.0,180000.0
117A PACKE STREET ,"EDGEWARE, CHRISTCHURCH",8013,2.0,1.0,2.0,280.0,113.0,2000.0,500.0,2024-06-11,7.0,False,640000.0,390000.0
4/76 BISHOP STREET ,"ST ALBANS, CHRISTCHURCH",8014,2.0,1.0,1.0,218.0,82.0,1965.0,445.0,2024-06-12,7.0,False,530000.0,265000.0
86B CANON STREET ,"ST ALBANS, CHRISTCHURCH",8014,3.0,2.0,2.0,264.0,155.0,2000.0,680.0,2024-06-13,7.0,False,840000.0,400000.0
151B CANON STREET ,"EDGEWARE, CHRISTCHURCH",8013,3.0,2.0,2.0,207.0,131.0,2000.0,650.0,2024-06-14,7.0,False,710000.0,335000.0
2/426 MANCHESTER STREET ,"ST ALBANS, CHRISTCHURCH",8014,2.0,2.0,1.0,234.0,98.0,2021.0,575.0,2024-06-14,7.0,False,700000.0,240000.0
2/123 SHERBORNE STREET ,"ST ALBANS, CHRISTCHURCH",8014,3.0,2.0,1.0,75.0,78.0,2021.0,530.0,2024-06-14,72.0,False,600000.0,205000.0
2/111 EDGEWARE ROAD ,"ST ALBANS, CHRISTCHURCH",8014,2.0,1.0,1.0,89.0,75.0,2022.0,515.0,2024-06-15,30.0,False,570000.0,230000.0
3/479 MADRAS STREET ,"ST ALBANS, CHRISTCHURCH",8014,2.0,1.0,1.0,218.0,90.0,1975.0,420.0,2024-06-17,7.0,False,420000.0,265000.0
3/550 BARBADOES STREET ,"EDGEWARE, CHRISTCHURCH",8013,2.0,1.0,1.0,110.0,78.0,2020.0,550.0,2024-06-18,5.0,False,610000.0,230000.0
3/2 CANON STREET ,"ST ALBANS, CHRISTCHURCH",8014,2.0,1.0,1.0,218.0,90.0,1985.0,500.0,2024-06-18,7.0,False,490000.0,370000.0
2/29 GORDON AVENUE ,"ST ALBANS, CHRISTCHURCH",8014,2.0,1.0,1.0,218.0,60.0,1960.0,440.0,2024-06-18,55.0,False,440000.0,265000.0
3/552 MADRAS STREET ,"ST ALBANS, CHRISTCHURCH",8014,2.0,1.0,1.0,117.0,80.0,2020.0,550.0,2024-06-19,7.0,False,660000.0,255000.0
2/173 EDGEWARE ROAD ,"EDGEWARE, CHRISTCHURCH",8013,3.0,3.0,1.0,174.0,139.0,2021.0,650.0,2024-06-20,7.0,False,850000.0,285000.0
202A EDGEWARE ROAD ,"EDGEWARE, CHRISTCHURCH",8013,3.0,3.0,1.0,131.0,120.0,2024.0,650.0,2024-06-20,15.0,False,710000.0,230000.0
1/25 EDGEWARE ROAD ,"ST ALBANS, CHRISTCHURCH",8014,2.0,1.0,1.0,218.0,70.0,1960.0,530.0,2024-06-20,8.0,False,410000.0,200000.0
3/107 HOLLY ROAD ,"ST ALBANS, CHRISTCHURCH",8014,2.0,1.0,1.0,218.0,70.0,1970.0,420.0,2024-06-20,7.0,False,470000.0,275000.0
1/22 RANFURLY STREET ,"ST ALBANS, CHRISTCHURCH",8014,3.0,2.0,2.0,218.0,150.0,1990.0,680.0,2024-06-24,7.0,False,630000.0,300000.0
3/221 SPRINGFIELD ROAD ,"ST ALBANS, CHRISTCHURCH",8014,2.0,1.0,1.0,218.0,73.0,1960.0,435.0,2024-06-24,7.0,False,475000.0,255000.0
23 COURTENAY STREET ,"ST ALBANS, CHRISTCHURCH",8014,3.0,1.0,1.0,654.0,130.0,1980.0,650.0,2024-06-25,43.0,False,800000.0,520000.0
3/171 CRANFORD STREET ,"ST ALBANS, CHRISTCHURCH",8014,2.0,1.0,1.0,218.0,75.0,2021.0,525.0,2024-06-25,8.0,False,600000.0,190000.0
3/129 CANON STREET ,"EDGEWARE, CHRISTCHURCH",8013,2.0,1.0,1.0,218.0,90.0,1975.0,480.0,2024-06-25,7.0,False,425000.0,210000.0
137 SAINT ALBANS STREET ,"ST ALBANS, CHRISTCHURCH",8014,3.0,1.0,2.0,807.0,130.0,1940.0,650.0,2024-06-27,11.0,False,980000.0,790000.0
1/205 SPRINGFIELD ROAD ,"ST ALBANS, CHRISTCHURCH",8014,2.0,1.0,1.0,218.0,80.0,1970.0,470.0,2024-06-28,10.0,False,540000.0,280000.0
47 PURCHAS STREET ,"ST ALBANS, CHRISTCHURCH",8014,3.0,2.0,2.0,195.0,156.0,2000.0,675.0,2024-06-29,36.0,False,710000.0,270000.0
48B BRISTOL STREET ,"ST ALBANS, CHRISTCHURCH",8014,3.0,1.0,1.0,218.0,121.0,1970.0,525.0,2024-07-01,77.0,False,580000.0,365000.0
3/48 TRAFALGAR STREET ,"ST ALBANS, CHRISTCHURCH",8014,2.0,1.0,1.0,218.0,88.0,2016.0,525.0,2024-07-02,8.0,False,660000.0,255000.0
172E EDGEWARE ROAD ,"EDGEWARE, CHRISTCHURCH",8013,3.0,1.0,2.0,218.0,118.0,2000.0,590.0,2024-07-03,16.0,False,740000.0,245000.0
553B MADRAS STREET ,"ST ALBANS, CHRISTCHURCH",8014,2.0,2.0,1.0,126.0,113.0,2019.0,570.0,2024-07-03,7.0,False,700000.0,285000.0
5/550 BARBADOES STREET ,"EDGEWARE, CHRISTCHURCH",8013,2.0,1.0,1.0,86.0,78.0,2020.0,490.0,2024-07-03,51.0,False,600000.0,210000.0
3/7 RADNOR STREET ,"ST ALBANS, CHRISTCHURCH",8014,2.0,1.0,1.0,218.0,60.0,1960.0,430.0,2024-07-03,28.0,False,460000.0,240000.0
2/206 GERALDINE STREET ,"EDGEWARE, CHRISTCHURCH",8013,2.0,2.0,1.0,96.0,90.0,2023.0,550.0,2024-07-04,9.0,False,630000.0,220000.0
2/171 CRANFORD STREET ,"ST ALBANS, CHRISTCHURCH",8014,2.0,1.0,1.0,218.0,75.0,2021.0,460.0,2024-07-04,7.0,False,600000.0,190000.0
106 MERSEY STREET ,"ST ALBANS, CHRISTCHURCH",8014,3.0,2.0,2.0,739.0,120.0,1940.0,750.0,2024-07-05,7.0,False,780000.0,510000.0
5/34 CLEVELAND STREET ,"EDGEWARE, CHRISTCHURCH",8013,2.0,1.0,1.0,190.0,67.0,2023.0,530.0,2024-07-05,8.0,False,610000.0,240000.0
12/544 BARBADOES STREET ,"EDGEWARE, CHRISTCHURCH",8013,2.0,1.0,1.0,218.0,60.0,1975.0,420.0,2024-07-05,44.0,False,375000.0,190000.0
1/15 EDGEWARE ROAD ,"ST ALBANS, CHRISTCHURCH",8014,2.0,1.0,1.0,218.0,135.0,1970.0,580.0,2024-07-08,4.0,False,690000.0,380000.0
3/296 INNES ROAD ,"MAIREHAU, CHRISTCHURCH",8052,2.0,1.0,1.0,218.0,85.0,2000.0,750.0,2024-07-09,7.0,False,510000.0,265000.0
173D GERALDINE STREET ,"EDGEWARE, CHRISTCHURCH",8013,3.0,3.0,1.0,150.0,110.0,2024.0,650.0,2024-07-09,7.0,False,730000.0,240000.0
977 COLOMBO STREET ,"ST ALBANS, CHRISTCHURCH",8014,2.0,1.0,1.0,238.0,63.0,1890.0,650.0,2024-07-09,55.0,False,530000.0,435000.0
1/64 BRISTOL STREET ,"ST ALBANS, CHRISTCHURCH",8014,2.0,1.0,1.0,218.0,70.0,1960.0,570.0,2024-07-09,7.0,False,500000.0,340000.0
173E GERALDINE STREET ,"EDGEWARE, CHRISTCHURCH",8013,2.0,2.0,1.0,174.0,98.0,2024.0,560.0,2024-07-09,7.0,False,680000.0,260000.0
31 OXLEY AVENUE ,"ST ALBANS, CHRISTCHURCH",8014,3.0,1.0,2.0,750.0,543.0,2021.0,650.0,2024-07-11,109.0,False,3150000.0,670000.0
2/204 EDGEWARE ROAD ,"EDGEWARE, CHRISTCHURCH",8013,2.0,1.0,4.0,230.0,117.0,2000.0,600.0,2024-07-11,7.0,False,570000.0,275000.0
2/65 SHERBORNE STREET ,"ST ALBANS, CHRISTCHURCH",8014,2.0,5.0,4.0,581.0,220.0,1975.0,395.0,2024-07-11,7.0,False,1250000.0,580000.0
84B SHERBORNE STREET ,"ST ALBANS, CHRISTCHURCH",8014,3.0,1.0,1.0,278.0,116.0,2015.0,800.0,2024-07-12,141.0,False,700000.0,375000.0
55 OXLEY AVENUE ,"ST ALBANS, CHRISTCHURCH",8014,3.0,1.0,1.0,759.0,137.0,1905.0,650.0,2024-07-12,7.0,False,870000.0,670000.0
173A GERALDINE STREET ,"EDGEWARE, CHRISTCHURCH",8013,2.0,3.0,1.0,184.0,101.0,2024.0,580.0,2024-07-12,8.0,False,700000.0,260000.0
9/82 BISHOP STREET ,"ST ALBANS, CHRISTCHURCH",8014,2.0,1.0,2.0,218.0,70.0,1985.0,475.0,2024-07-12,22.0,False,435000.0,245000.0
1/165 CRANFORD STREET ,"ST ALBANS, CHRISTCHURCH",8014,2.0,1.0,1.0,218.0,74.0,2021.0,400.0,2024-07-12,8.0,False,600000.0,190000.0
1/71 RANFURLY STREET ,"ST ALBANS, CHRISTCHURCH",8014,4.0,4.0,4.0,640.0,220.0,1970.0,395.0,2024-07-12,7.0,False,1580000.0,950000.0
4/128 BISHOP STREET ,"ST ALBANS, CHRISTCHURCH",8014,3.0,4.0,1.0,162.0,149.0,2022.0,720.0,2024-07-15,7.0,False,850000.0,295000.0
7/9 EDGEWARE ROAD ,"ST ALBANS, CHRISTCHURCH",8014,3.0,2.0,1.0,190.0,142.0,2020.0,660.0,2024-07-15,7.0,False,950000.0,340000.0
131 FRANCIS AVENUE ,"MAIREHAU, CHRISTCHURCH",8013,4.0,1.0,3.0,607.0,220.0,1950.0,580.0,2024-07-15,49.0,False,840000.0,450000.0
51 FORFAR STREET ,"ST ALBANS, CHRISTCHURCH",8014,4.0,2.0,2.0,237.0,189.0,2021.0,1000.0,2024-07-16,90.0,False,930000.0,325000.0
139 EDGEWARE ROAD ,"ST ALBANS, CHRISTCHURCH",8014,3.0,2.0,1.0,345.0,125.0,2016.0,640.0,2024-07-16,7.0,False,770000.0,380000.0
36 THORNTON STREET ,"MAIREHAU, CHRISTCHURCH",8013,3.0,1.0,2.0,645.0,110.0,1910.0,620.0,2024-07-16,7.0,False,730000.0,340000.0
199A CRANFORD STREET ,"ST ALBANS, CHRISTCHURCH",8014,5.0,2.0,1.0,840.0,140.0,1970.0,315.0,2024-07-16,7.0,False,800000.0,380000.0
2/162 SPRINGFIELD ROAD ,"ST ALBANS, CHRISTCHURCH",8014,2.0,2.0,1.0,98.0,76.0,2023.0,580.0,2024-07-17,7.0,False,670000.0,300000.0
6/15 BERWICK STREET ,"ST ALBANS, CHRISTCHURCH",8014,2.0,1.0,1.0,106.0,67.0,2024.0,550.0,2024-07-17,29.0,False,630000.0,230000.0
501 MADRAS STREET ,"ST ALBANS, CHRISTCHURCH",8014,3.0,3.0,2.0,337.0,212.0,2018.0,1200.0,2024-07-19,7.0,False,1070000.0,360000.0
126 BRISTOL STREET ,"ST ALBANS, CHRISTCHURCH",8014,3.0,1.0,1.0,218.0,90.0,1890.0,850.0,2024-07-19,7.0,False,820000.0,475000.0
36 GOSSET STREET ,"ST ALBANS, CHRISTCHURCH",8014,3.0,2.0,1.0,625.0,122.0,1920.0,790.0,2024-07-19,7.0,False,930000.0,650000.0
3/58 BISHOP STREET ,"ST ALBANS, CHRISTCHURCH",8014,2.0,1.0,1.0,218.0,80.0,1995.0,485.0,2024-07-20,7.0,False,520000.0,245000.0
3/25 EDGEWARE ROAD ,"ST ALBANS, CHRISTCHURCH",8014,2.0,1.0,1.0,218.0,70.0,1960.0,500.0,2024-07-22,7.0,False,410000.0,200000.0
173C GERALDINE STREET ,"EDGEWARE, CHRISTCHURCH",8013,3.0,3.0,1.0,149.0,110.0,2024.0,650.0,2024-07-23,15.0,False,730000.0,240000.0
2/138 GERALDINE STREET ,"EDGEWARE, CHRISTCHURCH",8013,2.0,1.0,1.0,218.0,60.0,2016.0,600.0,2024-07-23,7.0,False,550000.0,200000.0
8/611 MADRAS STREET ,"ST ALBANS, CHRISTCHURCH",8014,3.0,1.0,2.0,190.0,142.0,1990.0,599.0,2024-07-23,7.0,False,640000.0,300000.0
1/90 BISHOP STREET ,"ST ALBANS, CHRISTCHURCH",8014,3.0,3.0,1.0,129.0,136.0,2019.0,750.0,2024-07-24,7.0,False,770000.0,325000.0
6/90 SPRINGFIELD ROAD ,"ST ALBANS, CHRISTCHURCH",8014,3.0,1.0,2.0,218.0,130.0,1990.0,560.0,2024-07-25,2.0,False,450000.0,305000.0
4/91 SPRINGFIELD ROAD ,"ST ALBANS, CHRISTCHURCH",8014,2.0,2.0,1.0,81.0,76.0,2021.0,530.0,2024-07-27,7.0,False,710000.0,410000.0
3/557 MANCHESTER STREET ,"ST ALBANS, CHRISTCHURCH",8014,3.0,2.0,8.0,128.0,118.0,2023.0,620.0,2024-07-29,68.0,False,740000.0,275000.0
2/37 PURCHAS STREET ,"ST ALBANS, CHRISTCHURCH",8014,2.0,1.0,1.0,218.0,70.0,1965.0,460.0,2024-07-30,7.0,False,470000.0,325000.0
33 SPEIGHT STREET ,"MAIREHAU, CHRISTCHURCH",8013,3.0,1.0,1.0,637.0,110.0,1920.0,680.0,2024-08-01,7.0,False,680000.0,410000.0
2/143 CRANFORD STREET ,"ST ALBANS, CHRISTCHURCH",8014,3.0,3.0,13.0,150.0,138.0,2022.0,650.0,2024-08-01,7.0,False,800000.0,215000.0
5/35 EVERSLEIGH STREET ,"ST ALBANS, CHRISTCHURCH",8014,2.0,1.0,1.0,110.0,68.0,2024.0,519.0,2024-08-01,8.0,False,620000.0,300000.0
4/134 GERALDINE STREET ,"EDGEWARE, CHRISTCHURCH",8013,2.0,1.0,1.0,218.0,68.0,2017.0,430.0,2024-08-01,7.0,False,510000.0,200000.0
14 ARCHER STREET ,"MAIREHAU, CHRISTCHURCH",8013,3.0,2.0,1.0,684.0,120.0,1920.0,650.0,2024-08-02,11.0,False,700000.0,370000.0
88 TRAFALGAR STREET ,"ST ALBANS, CHRISTCHURCH",8014,3.0,1.0,2.0,607.0,114.0,1910.0,595.0,2024-08-02,3.0,False,680000.0,590000.0
6/78 HOLLY ROAD ,"ST ALBANS, CHRISTCHURCH",8014,2.0,1.0,1.0,218.0,70.0,1960.0,475.0,2024-08-02,7.0,False,430000.0,220000.0
4/22 RANFURLY STREET ,"ST ALBANS, CHRISTCHURCH",8014,2.0,1.0,1.0,218.0,100.0,1990.0,570.0,2024-08-05,7.0,False,590000.0,275000.0
4/65 RANFURLY STREET ,"ST ALBANS, CHRISTCHURCH",8014,2.0,1.0,1.0,218.0,90.0,1970.0,535.0,2024-08-05,7.0,False,530000.0,370000.0
175 BARRINGTON STREET ,"SOMERFIELD, CHRISTCHURCH",8024,2.0,1.0,1.0,218.0,66.0,1980.0,480.0,2024-08-05,43.0,False,470000.0,290000.0
4/46 TRAFALGAR STREET ,"ST ALBANS, CHRISTCHURCH",8014,2.0,2.0,1.0,218.0,112.0,2016.0,450.0,2024-08-05,7.0,False,790000.0,280000.0
38 TRAFALGAR STREET ,"ST ALBANS, CHRISTCHURCH",8014,4.0,2.0,2.0,479.0,140.0,1960.0,440.0,2024-08-05,7.0,False,770000.0,540000.0
227A CRANFORD STREET ,"ST ALBANS, CHRISTCHURCH",8014,3.0,2.0,2.0,428.0,173.0,2010.0,750.0,2024-08-06,6.0,False,960000.0,335000.0
172D EDGEWARE ROAD ,"EDGEWARE, CHRISTCHURCH",8013,3.0,2.0,2.0,218.0,118.0,2000.0,590.0,2024-08-06,7.0,False,740000.0,245000.0
202B EDGEWARE ROAD ,"EDGEWARE, CHRISTCHURCH",8013,3.0,2.0,1.0,111.0,120.0,2024.0,670.0,2024-08-07,3.0,False,700000.0,220000.0
1/35 EVERSLEIGH STREET ,"ST ALBANS, CHRISTCHURCH",8014,2.0,1.0,1.0,138.0,70.0,2024.0,550.0,2024-08-07,8.0,False,660000.0,330000.0
139 SPRINGFIELD ROAD ,"ST ALBANS, CHRISTCHURCH",8014,3.0,1.0,1.0,473.0,80.0,1880.0,700.0,2024-08-08,23.0,False,770000.0,550000.0
143 SAINT ALBANS STREET ,"ST ALBANS, CHRISTCHURCH",8014,3.0,1.0,2.0,343.0,180.0,1990.0,650.0,2024-08-08,7.0,False,1400000.0,520000.0
1/136 SHERBORNE STREET ,"ST ALBANS, CHRISTCHURCH",8014,3.0,2.0,1.0,181.0,132.0,2016.0,650.0,2024-08-08,7.0,False,780000.0,290000.0
173B GERALDINE STREET ,"EDGEWARE, CHRISTCHURCH",8013,3.0,3.0,1.0,149.0,110.0,2024.0,620.0,2024-08-10,13.0,False,730000.0,240000.0
511 MADRAS STREET ,"ST ALBANS, CHRISTCHURCH",8014,2.0,1.0,1.0,130.0,67.0,2021.0,529.0,2024-08-10,30.0,False,580000.0,315000.0
2/23 WINTON STREET ,"ST ALBANS, CHRISTCHURCH",8014,3.0,3.0,1.0,176.0,118.0,2024.0,690.0,2024-08-12,49.0,False,760000.0,270000.0
1/6 WINTON STREET ,"ST ALBANS, CHRISTCHURCH",8014,2.0,1.0,1.0,169.0,99.0,2024.0,750.0,2024-08-13,7.0,False,700000.0,270000.0
2 KINLEYS LANE ,"ST ALBANS, CHRISTCHURCH",8014,3.0,2.0,2.0,218.0,150.0,1990.0,700.0,2024-08-13,7.0,False,910000.0,415000.0
118 MALVERN STREET ,"MAIREHAU, CHRISTCHURCH",8013,4.0,2.0,1.0,607.0,160.0,1930.0,699.0,2024-08-13,7.0,False,1120000.0,430000.0
2/130 PACKE STREET ,"EDGEWARE, CHRISTCHURCH",8013,3.0,1.0,1.0,218.0,117.0,2010.0,500.0,2024-08-13,7.0,False,600000.0,210000.0
10/143 CRANFORD STREET ,"ST ALBANS, CHRISTCHURCH",8014,3.0,3.0,13.0,123.0,129.0,2022.0,695.0,2024-08-14,7.0,False,775000.0,200000.0
2/4 UPLAND ROAD ,"HOON HAY, CHRISTCHURCH",8025,2.0,1.0,1.0,218.0,85.0,1960.0,490.0,2024-08-14,7.0,False,435000.0,200000.0
1/68 TRAFALGAR STREET ,"ST ALBANS, CHRISTCHURCH",8014,2.0,1.0,4.0,218.0,60.0,1975.0,420.0,2024-08-14,7.0,False,450000.0,280000.0
3/27 CORNWALL STREET ,"ST ALBANS, CHRISTCHURCH",8014,3.0,1.0,2.0,218.0,90.0,2016.0,600.0,2024-08-15,7.0,False,680000.0,240000.0
1/501 BARBADOES STREET ,"EDGEWARE, CHRISTCHURCH",8013,2.0,1.0,1.0,218.0,70.0,1975.0,500.0,2024-08-15,7.0,False,400000.0,285000.0
5/49 RANFURLY STREET ,"ST ALBANS, CHRISTCHURCH",8014,2.0,1.0,1.0,218.0,75.0,1960.0,470.0,2024-08-15,43.0,False,500000.0,265000.0
3/40 GORDON AVENUE ,"ST ALBANS, CHRISTCHURCH",8014,2.0,1.0,1.0,218.0,80.0,1970.0,445.0,2024-08-15,7.0,False,560000.0,405000.0
9 WARRINGTON STREET ,"MAIREHAU, CHRISTCHURCH",8013,3.0,1.0,1.0,519.0,130.0,1910.0,410.0,2024-08-16,7.0,False,570000.0,450000.0
54 DOVER STREET ,"ST ALBANS, CHRISTCHURCH",8014,3.0,2.0,1.0,249.0,141.0,2017.0,730.0,2024-08-17,12.0,False,1000000.0,390000.0
3/84 HOLLY ROAD ,"ST ALBANS, CHRISTCHURCH",8014,2.0,1.0,1.0,218.0,70.0,1960.0,550.0,2024-08-17,7.0,False,600000.0,355000.0
12 GOSSET STREET ,"ST ALBANS, CHRISTCHURCH",8014,3.0,1.0,2.0,645.0,125.0,1925.0,795.0,2024-08-18,7.0,False,950000.0,670000.0
142A BISHOP STREET ,"ST ALBANS, CHRISTCHURCH",8014,3.0,2.0,2.0,217.0,142.0,2017.0,730.0,2024-08-19,7.0,False,860000.0,370000.0
11/206 GERALDINE STREET ,"EDGEWARE, CHRISTCHURCH",8013,2.0,3.0,12.0,125.0,90.0,2023.0,565.0,2024-08-19,7.0,False,630000.0,220000.0
4/107 HOLLY ROAD ,"ST ALBANS, CHRISTCHURCH",8014,2.0,1.0,1.0,218.0,70.0,1970.0,430.0,2024-08-19,20.0,False,500000.0,265000.0
57 SPRINGFIELD ROAD ,"ST ALBANS, CHRISTCHURCH",8014,3.0,2.0,1.0,247.0,135.0,2000.0,670.0,2024-08-20,15.0,False,750000.0,405000.0
607 MADRAS STREET ,"ST ALBANS, CHRISTCHURCH",8014,3.0,1.0,1.0,437.0,133.0,1910.0,630.0,2024-08-20,16.0,False,630000.0,430000.0
630 BARBADOES STREET ,"EDGEWARE, CHRISTCHURCH",8013,5.0,2.0,3.0,953.0,308.0,2000.0,550.0,2024-08-20,43.0,False,900000.0,820000.0
44 CRANFORD STREET ,"ST ALBANS, CHRISTCHURCH",8014,3.0,1.0,2.0,752.0,100.0,1910.0,550.0,2024-08-20,7.0,False,750000.0,670000.0
1/14 WINTON STREET ,"ST ALBANS, CHRISTCHURCH",8014,2.0,1.0,1.0,218.0,100.0,1970.0,480.0,2024-08-20,7.0,False,500000.0,260000.0
58 MALVERN STREET ,"ST ALBANS, CHRISTCHURCH",8014,4.0,2.0,3.0,630.0,210.0,2000.0,440.0,2024-08-20,7.0,False,1110000.0,670000.0
1/212 SPRINGFIELD ROAD ,"ST ALBANS, CHRISTCHURCH",8014,3.0,1.0,2.0,218.0,198.0,1990.0,650.0,2024-08-21,7.0,False,990000.0,365000.0
141B CHAMPION STREET ,"EDGEWARE, CHRISTCHURCH",8013,3.0,1.0,1.0,189.0,83.0,2021.0,580.0,2024-08-21,7.0,False,670000.0,360000.0
2/116B CRANFORD STREET ,"ST ALBANS, CHRISTCHURCH",8014,2.0,1.0,1.0,218.0,95.0,1960.0,530.0,2024-08-21,20.0,False,580000.0,335000.0
73B SHERBORNE STREET ,"ST ALBANS, CHRISTCHURCH",8014,4.0,2.0,2.0,194.0,170.0,2000.0,990.0,2024-08-23,33.0,False,940000.0,300000.0
73A SHERBORNE STREET ,"ST ALBANS, CHRISTCHURCH",8014,3.0,2.0,2.0,224.0,170.0,2000.0,940.0,2024-08-23,30.0,False,940000.0,340000.0
10 HENDON STREET ,"EDGEWARE, CHRISTCHURCH",8013,4.0,2.0,2.0,696.0,196.0,2000.0,800.0,2024-08-23,7.0,False,900000.0,540000.0
101 CANON STREET ,"ST ALBANS, CHRISTCHURCH",8014,3.0,2.0,1.0,165.0,118.0,2021.0,720.0,2024-08-24,7.0,False,760000.0,325000.0
972C COLOMBO STREET ,"ST ALBANS, CHRISTCHURCH",8014,3.0,2.0,1.0,186.0,148.0,2006.0,700.0,2024-08-24,7.0,False,710000.0,360000.0
6/424 MANCHESTER STREET ,"ST ALBANS, CHRISTCHURCH",8014,2.0,2.0,1.0,96.0,90.0,2010.0,550.0,2024-08-25,70.0,False,600000.0,240000.0
172F EDGEWARE ROAD ,"EDGEWARE, CHRISTCHURCH",8013,3.0,2.0,2.0,218.0,124.0,2000.0,610.0,2024-08-26,7.0,False,770000.0,265000.0
126 FORFAR STREET ,"MAIREHAU, CHRISTCHURCH",8013,3.0,3.0,1.0,173.0,131.0,2024.0,675.0,2024-08-27,33.0,False,780000.0,230000.0
89 SAINT ALBANS STREET ,"ST ALBANS, CHRISTCHURCH",8014,3.0,1.0,1.0,463.0,113.0,1910.0,650.0,2024-08-27,30.0,False,1130000.0,680000.0
54 MERSEY STREET ,"ST ALBANS, CHRISTCHURCH",8014,3.0,1.0,2.0,218.0,120.0,1990.0,580.0,2024-08-27,7.0,False,620000.0,275000.0
3/218 SPRINGFIELD ROAD ,"ST ALBANS, CHRISTCHURCH",8014,2.0,1.0,1.0,218.0,130.0,1995.0,580.0,2024-08-27,7.0,False,850000.0,350000.0
5/15 BERWICK STREET ,"ST ALBANS, CHRISTCHURCH",8014,2.0,1.0,1.0,100.0,67.0,2024.0,540.0,2024-08-27,8.0,False,630000.0,230000.0
7/15 BERWICK STREET ,"ST ALBANS, CHRISTCHURCH",8014,1.0,1.0,1.0,154.0,48.0,2024.0,440.0,2024-08-27,8.0,False,600000.0,250000.0
3/15 BERWICK STREET ,"ST ALBANS, CHRISTCHURCH",8014,2.0,1.0,1.0,102.0,71.0,2024.0,530.0,2024-08-28,8.0,False,630000.0,230000.0
6/90 BISHOP STREET ,"ST ALBANS, CHRISTCHURCH",8014,3.0,4.0,1.0,162.0,138.0,2019.0,660.0,2024-08-29,31.0,False,780000.0,350000.0
37 FLOCKTON STREET ,"MAIREHAU, CHRISTCHURCH",8013,3.0,1.0,2.0,673.0,121.0,1940.0,639.0,2024-08-29,7.0,False,750000.0,395000.0
8/552 MADRAS STREET ,"ST ALBANS, CHRISTCHURCH",8014,2.0,1.0,1.0,104.0,80.0,2020.0,550.0,2024-08-29,7.0,False,645000.0,245000.0
24 SOMME STREET ,"ST ALBANS, CHRISTCHURCH",8014,3.0,2.0,2.0,297.0,180.0,2000.0,800.0,2024-08-30,45.0,False,1270000.0,530000.0
1/15 BERWICK STREET ,"ST ALBANS, CHRISTCHURCH",8014,2.0,1.0,1.0,152.0,77.0,2024.0,530.0,2024-08-30,11.0,False,650000.0,250000.0
13/27 CORNWALL STREET ,"ST ALBANS, CHRISTCHURCH",8014,3.0,1.0,1.0,218.0,90.0,1970.0,590.0,2024-09-01,7.0,False,610000.0,220000.0
1/606 BARBADOES STREET ,"EDGEWARE, CHRISTCHURCH",8013,2.0,1.0,1.0,218.0,50.0,1970.0,450.0,2024-09-02,7.0,False,390000.0,180000.0
5/57 DOVER STREET ,"ST ALBANS, CHRISTCHURCH",8014,2.0,1.0,1.0,218.0,60.0,1970.0,550.0,2024-09-03,7.0,False,550000.0,280000.0
3/35 EVERSLEIGH STREET ,"ST ALBANS, CHRISTCHURCH",8014,2.0,1.0,1.0,111.0,70.0,2024.0,540.0,2024-09-03,8.0,False,660000.0,330000.0
4/35 EVERSLEIGH STREET ,"ST ALBANS, CHRISTCHURCH",8014,2.0,1.0,1.0,108.0,70.0,2024.0,540.0,2024-09-03,8.0,False,660000.0,330000.0
6/35 EVERSLEIGH STREET ,"ST ALBANS, CHRISTCHURCH",8014,2.0,1.0,1.0,107.0,67.0,2024.0,540.0,2024-09-03,8.0,False,620000.0,290000.0
2/159 EDGEWARE ROAD ,"EDGEWARE, CHRISTCHURCH",8013,2.0,1.0,1.0,218.0,69.0,2017.0,500.0,2024-09-03,7.0,False,560000.0,170000.0
C3/101 CALEDONIAN ROAD ,"ST ALBANS, CHRISTCHURCH",8014,2.0,1.0,2.0,218.0,67.0,2010.0,450.0,2024-09-03,7.0,False,440000.0,175000.0
5/38 MERSEY STREET ,"ST ALBANS, CHRISTCHURCH",8014,2.0,2.0,1.0,129.0,88.0,2024.0,600.0,2024-09-04,19.0,False,690000.0,220000.0
6/95 PACKE STREET ,"EDGEWARE, CHRISTCHURCH",8013,2.0,1.0,1.0,206.0,89.0,2016.0,530.0,2024-09-04,15.0,False,610000.0,270000.0
140I SHERBORNE STREET ,"ST ALBANS, CHRISTCHURCH",8014,3.0,2.0,2.0,218.0,145.0,2000.0,540.0,2024-09-05,7.0,False,600000.0,310000.0
16 ALLARD STREET ,"EDGEWARE, CHRISTCHURCH",8013,3.0,1.0,2.0,572.0,70.0,1930.0,570.0,2024-09-06,7.0,False,660000.0,540000.0
2/15 BERWICK STREET ,"ST ALBANS, CHRISTCHURCH",8014,2.0,1.0,1.0,102.0,72.0,2024.0,530.0,2024-09-09,21.0,False,630000.0,230000.0
122 BRISTOL STREET ,"ST ALBANS, CHRISTCHURCH",8014,2.0,1.0,1.0,319.0,80.0,1905.0,800.0,2024-09-10,678.0,False,780000.0,730000.0
112 RANFURLY STREET ,"ST ALBANS, CHRISTCHURCH",8014,2.0,1.0,1.0,218.0,80.0,1955.0,500.0,2024-09-10,7.0,False,550000.0,335000.0
4/23 OXLEY AVENUE ,"ST ALBANS, CHRISTCHURCH",8014,2.0,1.0,1.0,218.0,60.0,1970.0,420.0,2024-09-10,33.0,False,350000.0,160000.0
12 LINDSAY STREET ,"ST ALBANS, CHRISTCHURCH",8014,3.0,2.0,1.0,205.0,132.0,2016.0,830.0,2024-09-11,7.0,False,1000000.0,335000.0
1/538 BARBADOES STREET ,"EDGEWARE, CHRISTCHURCH",8013,3.0,2.0,1.0,174.0,134.0,2000.0,610.0,2024-09-11,36.0,False,650000.0,275000.0
2/206 GERALDINE STREET ,"EDGEWARE, CHRISTCHURCH",8013,2.0,3.0,1.0,99.0,95.0,2023.0,545.0,2024-09-11,20.0,False,650000.0,220000.0
30A PURCHAS STREET ,"ST ALBANS, CHRISTCHURCH",8014,2.0,2.0,1.0,329.0,120.0,1965.0,500.0,2024-09-11,7.0,False,680000.0,430000.0
6/128 BISHOP STREET ,"ST ALBANS, CHRISTCHURCH",8014,3.0,3.0,1.0,188.0,198.0,2022.0,800.0,2024-09-12,7.0,False,1100000.0,340000.0
42A LINDSAY STREET ,"ST ALBANS, CHRISTCHURCH",8014,3.0,1.0,2.0,387.0,147.0,2005.0,615.0,2024-09-12,7.0,False,740000.0,460000.0
487 MADRAS STREET ,"ST ALBANS, CHRISTCHURCH",8014,3.0,1.0,2.0,266.0,120.0,1990.0,580.0,2024-09-12,7.0,False,610000.0,400000.0
4/544 BARBADOES STREET ,"EDGEWARE, CHRISTCHURCH",8013,2.0,1.0,1.0,218.0,60.0,1975.0,475.0,2024-09-13,4.0,False,390000.0,190000.0
4/32 ALLARD STREET ,"EDGEWARE, CHRISTCHURCH",8013,2.0,2.0,1.0,145.0,93.0,2024.0,560.0,2024-09-14,7.0,False,680000.0,250000.0
1/72 CRANFORD STREET ,"ST ALBANS, CHRISTCHURCH",8014,3.0,1.0,1.0,218.0,93.0,1905.0,550.0,2024-09-15,12.0,False,750000.0,400000.0
124 FORFAR STREET ,"MAIREHAU, CHRISTCHURCH",8013,3.0,3.0,1.0,173.0,131.0,2024.0,670.0,2024-09-16,39.0,False,780000.0,230000.0
35A OXLEY AVENUE ,"ST ALBANS, CHRISTCHURCH",8014,3.0,1.0,1.0,312.0,120.0,2000.0,580.0,2024-09-16,13.0,False,640000.0,420000.0
2/509 MANCHESTER STREET ,"ST ALBANS, CHRISTCHURCH",8014,4.0,5.0,10.0,218.0,789.0,2000.0,545.0,2024-09-16,77.0,False,3020000.0,1180000.0
5/128 BISHOP STREET ,"ST ALBANS, CHRISTCHURCH",8014,3.0,4.0,1.0,163.0,150.0,2022.0,650.0,2024-09-17,106.0,False,850000.0,295000.0
66 CALEDONIAN ROAD ,"ST ALBANS, CHRISTCHURCH",8014,3.0,1.0,1.0,508.0,100.0,1920.0,550.0,2024-09-17,7.0,False,930000.0,750000.0
6/165 CRANFORD STREET ,"ST ALBANS, CHRISTCHURCH",8014,2.0,1.0,1.0,218.0,74.0,2021.0,550.0,2024-09-17,28.0,False,600000.0,190000.0
2/35 EVERSLEIGH STREET ,"ST ALBANS, CHRISTCHURCH",8014,2.0,1.0,1.0,142.0,70.0,2024.0,540.0,2024-09-17,22.0,False,660000.0,330000.0
3/28 ALBANY STREET ,"ST ALBANS, CHRISTCHURCH",8014,2.0,1.0,1.0,218.0,100.0,1970.0,499.0,2024-09-17,141.0,False,590000.0,250000.0
3/27 RADNOR STREET ,"ST ALBANS, CHRISTCHURCH",8014,2.0,1.0,1.0,173.0,63.0,2023.0,499.0,2024-09-18,50.0,False,630000.0,290000.0
36 ROOSEVELT AVENUE ,"ST ALBANS, CHRISTCHURCH",8014,3.0,1.0,1.0,218.0,130.0,1930.0,650.0,2024-09-19,7.0,False,990000.0,630000.0
72A SPRINGFIELD ROAD ,"ST ALBANS, CHRISTCHURCH",8014,3.0,1.0,1.0,345.0,107.0,2014.0,580.0,2024-09-20,7.0,False,770000.0,530000.0
41 ALBANY STREET ,"ST ALBANS, CHRISTCHURCH",8014,2.0,6.0,2.0,541.0,352.0,2024.0,850.0,2024-09-21,7.0,False,2050000.0,670000.0
158A EDGEWARE ROAD ,"EDGEWARE, CHRISTCHURCH",8013,4.0,1.0,2.0,218.0,130.0,1990.0,570.0,2024-09-21,7.0,False,280000.0,255000.0
3/505 MADRAS STREET ,"ST ALBANS, CHRISTCHURCH",8014,3.0,2.0,2.0,299.0,150.0,2013.0,750.0,2024-09-23,7.0,False,870000.0,380000.0
8/35 EVERSLEIGH STREET ,"ST ALBANS, CHRISTCHURCH",8014,2.0,1.0,1.0,108.0,70.0,2024.0,530.0,2024-09-23,7.0,False,630000.0,300000.0
7/35 EVERSLEIGH STREET ,"ST ALBANS, CHRISTCHURCH",8014,2.0,1.0,1.0,88.0,67.0,2024.0,530.0,2024-09-24,15.0,False,620000.0,290000.0
4/15 BERWICK STREET ,"ST ALBANS, CHRISTCHURCH",8014,2.0,1.0,1.0,136.0,72.0,2024.0,529.0,2024-09-24,35.0,False,640000.0,240000.0
519C MANCHESTER STREET ,"ST ALBANS, CHRISTCHURCH",8014,3.0,3.0,1.0,145.0,132.0,2018.0,680.0,2024-09-25,7.0,False,800000.0,325000.0
5/116 CRANFORD STREET ,"ST ALBANS, CHRISTCHURCH",8014,2.0,2.0,1.0,145.0,72.0,2023.0,570.0,2024-09-25,51.0,False,620000.0,215000.0
2/59 CRANFORD STREET ,"ST ALBANS, CHRISTCHURCH",8014,2.0,1.0,1.0,218.0,80.0,1965.0,480.0,2024-09-26,7.0,False,385000.0,165000.0
5/40 RANFURLY STREET ,"ST ALBANS, CHRISTCHURCH",8014,2.0,1.0,1.0,218.0,130.0,1980.0,550.0,2024-09-27,7.0,False,540000.0,345000.0
1/493 BARBADOES STREET ,"EDGEWARE, CHRISTCHURCH",8013,2.0,1.0,1.0,218.0,60.0,1965.0,485.0,2024-09-27,7.0,False,425000.0,260000.0
3/46 CALEDONIAN ROAD ,"ST ALBANS, CHRISTCHURCH",8014,2.0,1.0,1.0,218.0,86.0,1905.0,600.0,2024-09-28,7.0,False,600000.0,340000.0
57 SHERBORNE STREET ,"ST ALBANS, CHRISTCHURCH",8014,4.0,4.0,1.0,218.0,240.0,2000.0,555.0,2024-09-28,2.0,False,1180000.0,1070000.0
1/21 HENDON STREET ,"EDGEWARE, CHRISTCHURCH",8013,2.0,1.0,1.0,218.0,91.0,2022.0,600.0,2024-09-29,7.0,False,700000.0,245000.0
7/424 MANCHESTER STREET ,"ST ALBANS, CHRISTCHURCH",8014,2.0,2.0,1.0,317.0,90.0,2010.0,430.0,2024-09-30,7.0,False,620000.0,255000.0
11 REHUA LANE ,"ST ALBANS, CHRISTCHURCH",8014,2.0,1.0,1.0,218.0,60.0,1980.0,430.0,2024-09-30,7.0,False,510000.0,210000.0
43C PURCHAS STREET ,"ST ALBANS, CHRISTCHURCH",8014,3.0,2.0,1.0,222.0,110.0,2008.0,590.0,2024-10-01,29.0,False,550000.0,350000.0
1/88 BISHOP STREET ,"ST ALBANS, CHRISTCHURCH",8014,1.0,1.0,1.0,218.0,50.0,1985.0,400.0,2024-10-01,7.0,False,450000.0,215000.0
998D COLOMBO STREET ,"ST ALBANS, CHRISTCHURCH",8014,4.0,2.0,3.0,302.0,192.0,2008.0,850.0,2024-10-02,7.0,False,970000.0,530000.0
507 BARBADOES STREET ,"EDGEWARE, CHRISTCHURCH",8013,3.0,2.0,2.0,190.0,145.0,2021.0,650.0,2024-10-02,7.0,False,750000.0,210000.0
4/102 SPRINGFIELD ROAD ,"ST ALBANS, CHRISTCHURCH",8014,5.0,7.0,6.0,218.0,540.0,2000.0,475.0,2024-10-02,50.0,False,1850000.0,1710000.0
66A SPRINGFIELD ROAD ,"ST ALBANS, CHRISTCHURCH",8014,3.0,1.0,2.0,135.0,148.0,2000.0,630.0,2024-10-03,7.0,False,670000.0,240000.0
1/97 SHERBORNE STREET ,"ST ALBANS, CHRISTCHURCH",8014,2.0,1.0,1.0,153.0,66.0,2023.0,480.0,2024-10-03,37.0,False,640000.0,250000.0
2/477 MADRAS STREET ,"ST ALBANS, CHRISTCHURCH",8014,3.0,1.0,2.0,107.0,140.0,1990.0,500.0,2024-10-04,63.0,False,300000.0,265000.0
5/32 ALLARD STREET ,"EDGEWARE, CHRISTCHURCH",8013,2.0,2.0,1.0,137.0,68.0,2024.0,550.0,2024-10-05,8.0,False,620000.0,260000.0
49 FORFAR STREET ,"ST ALBANS, CHRISTCHURCH",8014,4.0,2.0,2.0,237.0,188.0,2021.0,850.0,2024-10-07,25.0,False,930000.0,325000.0
1/418 MANCHESTER STREET ,CHRISTCHURCH,-,2.0,2.0,1.0,145.0,80.0,2020.0,540.0,2024-10-11,7.0,False,670000.0,305000.0
231 SPRINGFIELD ROAD ,"ST ALBANS, CHRISTCHURCH",8014,4.0,1.0,1.0,506.0,162.0,1935.0,820.0,2024-10-14,7.0,False,960000.0,560000.0
16 EDGEWARE ROAD ,"ST ALBANS, CHRISTCHURCH",8014,5.0,2.0,3.0,657.0,309.0,2000.0,780.0,2024-10-14,7.0,False,1320000.0,730000.0
2 ALLARD STREET ,"EDGEWARE, CHRISTCHURCH",8013,2.0,1.0,1.0,536.0,83.0,1950.0,515.0,2024-10-14,18.0,False,630000.0,540000.0
D2/101 CALEDONIAN ROAD ,"ST ALBANS, CHRISTCHURCH",8014,1.0,1.0,2.0,218.0,57.0,2010.0,460.0,2024-10-14,7.0,False,415000.0,175000.0
6/534 BARBADOES STREET ,"EDGEWARE, CHRISTCHURCH",8013,1.0,1.0,1.0,249.0,55.0,1966.0,390.0,2024-10-14,7.0,False,375000.0,210000.0
3/94 SPRINGFIELD ROAD ,"ST ALBANS, CHRISTCHURCH",8014,3.0,1.0,1.0,218.0,90.0,1945.0,475.0,2024-10-15,7.0,False,470000.0,420000.0
43A PURCHAS STREET ,"ST ALBANS, CHRISTCHURCH",8014,3.0,2.0,1.0,221.0,110.0,2005.0,420.0,2024-10-15,7.0,False,550000.0,350000.0
254B INNES ROAD ,"ST ALBANS, CHRISTCHURCH",8052,3.0,3.0,1.0,152.0,127.0,2023.0,680.0,2024-10-16,7.0,False,730000.0,240000.0
42 SOMME STREET ,"ST ALBANS, CHRISTCHURCH",8014,3.0,1.0,2.0,218.0,136.0,2007.0,650.0,2024-10-18,25.0,False,880000.0,365000.0
5/58 SOMME STREET ,"ST ALBANS, CHRISTCHURCH",8014,2.0,1.0,1.0,88.0,73.0,2023.0,550.0,2024-10-18,71.0,False,670000.0,270000.0
2/555 MANCHESTER STREET ,"ST ALBANS, CHRISTCHURCH",8014,3.0,2.0,1.0,146.0,135.0,2020.0,650.0,2024-10-21,7.0,False,840000.0,360000.0
592 MADRAS STREET ,"ST ALBANS, CHRISTCHURCH",8014,3.0,2.0,2.0,383.0,143.0,2005.0,650.0,2024-10-22,14.0,False,720000.0,430000.0
3/119 SHERBORNE STREET ,"ST ALBANS, CHRISTCHURCH",8014,3.0,2.0,1.0,85.0,98.0,2021.0,640.0,2024-10-22,12.0,False,660000.0,215000.0
2/32 ALLARD STREET ,"EDGEWARE, CHRISTCHURCH",8013,3.0,2.0,1.0,145.0,107.0,2024.0,620.0,2024-10-22,39.0,False,720000.0,250000.0
1/424 MANCHESTER STREET ,"ST ALBANS, CHRISTCHURCH",8014,2.0,2.0,1.0,135.0,90.0,2010.0,500.0,2024-10-22,7.0,False,600000.0,240000.0
1/83 CRANFORD STREET ,"ST ALBANS, CHRISTCHURCH",8014,2.0,1.0,1.0,218.0,70.0,1960.0,420.0,2024-10-22,7.0,False,450000.0,175000.0
4/240 SPRINGFIELD ROAD ,"ST ALBANS, CHRISTCHURCH",8014,1.0,1.0,1.0,218.0,80.0,1960.0,410.0,2024-10-23,9.0,False,400000.0,215000.0
87 FORFAR STREET ,"ST ALBANS, CHRISTCHURCH",8014,3.0,1.0,2.0,363.0,129.0,2015.0,700.0,2024-10-24,7.0,False,800000.0,275000.0
79C BISHOP STREET ,"ST ALBANS, CHRISTCHURCH",8014,3.0,2.0,2.0,181.0,117.0,2000.0,530.0,2024-10-24,7.0,False,700000.0,360000.0
5/486 MANCHESTER STREET ,"ST ALBANS, CHRISTCHURCH",8014,2.0,3.0,2.0,143.0,126.0,2019.0,530.0,2024-10-24,7.0,False,750000.0,380000.0
88 CRANFORD STREET ,"ST ALBANS, CHRISTCHURCH",8014,4.0,2.0,2.0,508.0,134.0,1930.0,650.0,2024-10-25,7.0,False,650000.0,455000.0
196 EDGEWARE ROAD ,"EDGEWARE, CHRISTCHURCH",8013,3.0,1.0,1.0,422.0,90.0,1905.0,450.0,2024-10-25,8.0,False,560000.0,475000.0
3/111 EDGEWARE ROAD ,"ST ALBANS, CHRISTCHURCH",8014,2.0,1.0,1.0,92.0,75.0,2022.0,515.0,2024-10-28,40.0,False,580000.0,240000.0
448 MANCHESTER STREET ,"ST ALBANS, CHRISTCHURCH",8014,3.0,1.0,2.0,218.0,182.0,1910.0,1100.0,2024-10-29,7.0,False,1550000.0,1430000.0
8 BERWICK STREET ,"ST ALBANS, CHRISTCHURCH",8014,3.0,2.0,2.0,506.0,160.0,1920.0,499.0,2024-10-29,40.0,False,700000.0,510000.0
35 KINLEYS LANE ,"ST ALBANS, CHRISTCHURCH",8014,2.0,1.0,1.0,218.0,70.0,1970.0,445.0,2024-10-29,7.0,False,465000.0,335000.0
2/95 SAINT ALBANS STREET ,"ST ALBANS, CHRISTCHURCH",8014,3.0,1.0,1.0,218.0,114.0,1990.0,650.0,2024-10-31,7.0,False,850000.0,415000.0
3/233 EDGEWARE ROAD ,"EDGEWARE, CHRISTCHURCH",8013,2.0,1.0,1.0,145.0,110.0,2022.0,560.0,2024-10-31,7.0,False,630000.0,215000.0
38 BRISTOL STREET ,"ST ALBANS, CHRISTCHURCH",8014,3.0,1.0,1.0,218.0,160.0,1950.0,310.0,2024-10-31,68.0,False,1800000.0,1790000.0
181 WESTMINSTER STREET ,"MAIREHAU, CHRISTCHURCH",8013,5.0,3.0,2.0,994.0,167.0,2000.0,875.0,2024-11-01,7.0,False,950000.0,620000.0
65 CLEVELAND STREET ,"EDGEWARE, CHRISTCHURCH",8013,2.0,1.0,1.0,218.0,80.0,2005.0,550.0,2024-11-02,7.0,False,550000.0,220000.0
2/129 GERALDINE STREET ,"EDGEWARE, CHRISTCHURCH",8013,2.0,1.0,1.0,218.0,80.0,1970.0,370.0,2024-11-03,12.0,False,350000.0,210000.0
254C INNES ROAD ,"ST ALBANS, CHRISTCHURCH",8052,3.0,3.0,1.0,236.0,126.0,2023.0,680.0,2024-11-04,7.0,False,750000.0,260000.0
3/57 WOODVILLE STREET ,"EDGEWARE, CHRISTCHURCH",8013,2.0,2.0,1.0,155.0,93.0,2021.0,540.0,2024-11-04,7.0,False,690000.0,245000.0
6/70 BISHOP STREET ,"ST ALBANS, CHRISTCHURCH",8014,2.0,2.0,1.0,218.0,94.0,2019.0,525.0,2024-11-04,7.0,False,630000.0,215000.0
3/561 MANCHESTER STREET ,"ST ALBANS, CHRISTCHURCH",8014,3.0,3.0,1.0,128.0,116.0,2023.0,650.0,2024-11-05,46.0,False,830000.0,360000.0
3/91 WESTMINSTER STREET ,"ST ALBANS, CHRISTCHURCH",8014,3.0,3.0,1.0,135.0,123.0,2023.0,630.0,2024-11-05,7.0,False,760000.0,220000.0
85 CALEDONIAN ROAD ,"ST ALBANS, CHRISTCHURCH",8014,3.0,1.0,1.0,309.0,90.0,1910.0,620.0,2024-11-06,22.0,False,660000.0,520000.0
2/24 HENDON STREET ,"EDGEWARE, CHRISTCHURCH",8013,2.0,2.0,1.0,120.0,73.0,2021.0,540.0,2024-11-06,7.0,False,650000.0,220000.0
4/133 GERALDINE STREET ,"EDGEWARE, CHRISTCHURCH",8013,2.0,1.0,1.0,218.0,60.0,1975.0,450.0,2024-11-06,7.0,False,365000.0,225000.0
6/129 SHERBORNE STREET ,"ST ALBANS, CHRISTCHURCH",8014,2.0,1.0,1.0,114.0,71.0,2022.0,600.0,2024-11-07,699.0,False,660000.0,255000.0
4/66 BISHOP STREET ,"ST ALBANS, CHRISTCHURCH",8014,3.0,3.0,2.0,299.0,160.0,2015.0,690.0,2024-11-10,2.0,False,840000.0,400000.0
3/167 INNES ROAD ,ST ALBANS,8052,2.0,1.0,1.0,130.0,70.0,2023.0,550.0,2024-11-11,7.0,False,670000.0,280000.0
1/11 RANFURLY STREET ,"ST ALBANS, CHRISTCHURCH",8014,2.0,1.0,1.0,218.0,100.0,1970.0,580.0,2024-11-13,7.0,False,620000.0,450000.0
18 WINTON STREET ,"ST ALBANS, CHRISTCHURCH",8014,3.0,2.0,4.0,990.0,300.0,2000.0,485.0,2024-11-13,7.0,False,960000.0,890000.0
1/432 MANCHESTER STREET ,"ST ALBANS, CHRISTCHURCH",8014,3.0,1.0,2.0,218.0,140.0,1995.0,690.0,2024-11-14,22.0,False,730000.0,315000.0
74B PACKE STREET ,"EDGEWARE, CHRISTCHURCH",8013,3.0,3.0,2.0,162.0,131.0,2021.0,680.0,2024-11-14,7.0,False,750000.0,230000.0
2/118 BISHOP STREET ,"ST ALBANS, CHRISTCHURCH",8014,3.0,2.0,1.0,218.0,174.0,2018.0,660.0,2024-11-14,7.0,False,920000.0,430000.0
5/169 CRANFORD STREET ,"ST ALBANS, CHRISTCHURCH",8014,2.0,1.0,1.0,218.0,74.0,2021.0,500.0,2024-11-14,8.0,False,600000.0,190000.0
3/23 OXLEY AVENUE ,"ST ALBANS, CHRISTCHURCH",8014,2.0,1.0,1.0,218.0,60.0,1970.0,400.0,2024-11-15,7.0,False,350000.0,160000.0
121 SAINT ALBANS STREET ,"ST ALBANS, CHRISTCHURCH",8014,2.0,1.0,6.0,218.0,110.0,1960.0,395.0,2024-11-15,7.0,False,4500000.0,1710000.0
3/9 EDGEWARE ROAD ,"ST ALBANS, CHRISTCHURCH",8014,3.0,2.0,1.0,128.0,142.0,2020.0,700.0,2024-11-16,57.0,False,930000.0,320000.0
28 RANFURLY STREET ,"ST ALBANS, CHRISTCHURCH",8014,3.0,2.0,2.0,715.0,160.0,1905.0,950.0,2024-11-17,7.0,False,1280000.0,1050000.0
1/30 RANFURLY STREET ,"ST ALBANS, CHRISTCHURCH",8014,3.0,1.0,1.0,218.0,100.0,1980.0,600.0,2024-11-18,8.0,False,890000.0,500000.0
3/100 HOLLY ROAD ,"ST ALBANS, CHRISTCHURCH",8014,2.0,1.0,1.0,218.0,70.0,1970.0,470.0,2024-11-18,17.0,False,465000.0,265000.0
196 CRANFORD STREET ,"ST ALBANS, CHRISTCHURCH",8014,4.0,1.0,1.0,447.0,161.0,1930.0,750.0,2024-11-19,7.0,False,630000.0,390000.0
527 MANCHESTER STREET ,"ST ALBANS, CHRISTCHURCH",8014,3.0,2.0,1.0,235.0,110.0,2015.0,640.0,2024-11-19,7.0,False,730000.0,360000.0
1/57 WOODVILLE STREET ,"EDGEWARE, CHRISTCHURCH",8013,2.0,2.0,1.0,141.0,94.0,2021.0,530.0,2024-11-19,16.0,False,680000.0,240000.0
4/126 GERALDINE STREET ,"EDGEWARE, CHRISTCHURCH",8013,2.0,1.0,1.0,218.0,60.0,1965.0,430.0,2024-11-19,35.0,False,370000.0,200000.0
65 MERSEY STREET ,"ST ALBANS, CHRISTCHURCH",8014,3.0,1.0,2.0,596.0,145.0,1910.0,660.0,2024-11-20,7.0,False,930000.0,390000.0
2 SQUIRE STREET ,"MAIREHAU, CHRISTCHURCH",8013,4.0,2.0,1.0,218.0,120.0,1975.0,500.0,2024-11-20,7.0,False,440000.0,290000.0
48 WARRINGTON STREET ,"MAIREHAU, CHRISTCHURCH",8013,4.0,4.0,4.0,777.0,210.0,1915.0,300.0,2024-11-20,7.0,False,760000.0,570000.0
5/107 HOLLY ROAD ,"ST ALBANS, CHRISTCHURCH",8014,2.0,1.0,1.0,218.0,80.0,1970.0,500.0,2024-11-21,6.0,False,470000.0,265000.0
3/4 HENDON STREET ,"EDGEWARE, CHRISTCHURCH",8013,2.0,1.0,1.0,218.0,60.0,1970.0,400.0,2024-11-21,20.0,False,380000.0,125000.0
6/111 EDGEWARE ROAD ,"ST ALBANS, CHRISTCHURCH",8014,2.0,1.0,1.0,143.0,75.0,2022.0,495.0,2024-11-22,36.0,False,590000.0,255000.0
5/75 GERALDINE STREET ,"EDGEWARE, CHRISTCHURCH",8013,2.0,1.0,1.0,218.0,59.0,2016.0,495.0,2024-11-23,7.0,False,470000.0,185000.0
2/459 MADRAS STREET ,"ST ALBANS, CHRISTCHURCH",8014,2.0,1.0,1.0,218.0,40.0,1975.0,450.0,2024-11-24,14.0,False,350000.0,230000.0
2/23 GORDON AVENUE ,"ST ALBANS, CHRISTCHURCH",8014,3.0,1.0,1.0,218.0,90.0,1980.0,640.0,2024-11-25,11.0,False,590000.0,420000.0
101/165 CRANFORD STREET ,"ST ALBANS, CHRISTCHURCH",8014,1.0,1.0,1.0,218.0,48.0,2021.0,520.0,2024-11-25,686.0,False,540000.0,190000.0
18/27 CORNWALL STREET ,"ST ALBANS, CHRISTCHURCH",8014,4.0,2.0,2.0,218.0,137.0,2016.0,1000.0,2024-11-26,7.0,False,820000.0,240000.0
9 SEVERN STREET ,"ST ALBANS, CHRISTCHURCH",8014,4.0,2.0,2.0,850.0,270.0,2016.0,895.0,2024-11-26,7.0,False,1360000.0,510000.0
3/113 BISHOP STREET ,"ST ALBANS, CHRISTCHURCH",8014,2.0,3.0,1.0,147.0,108.0,2020.0,650.0,2024-11-26,7.0,False,720000.0,390000.0
506D BARBADOES STREET ,"EDGEWARE, CHRISTCHURCH",8013,3.0,1.0,1.0,127.0,122.0,2005.0,520.0,2024-11-26,26.0,False,610000.0,210000.0
5/12 KEOGHS LANE ,"ST ALBANS, CHRISTCHURCH",8014,2.0,1.0,1.0,218.0,80.0,1976.0,450.0,2024-11-26,7.0,False,500000.0,265000.0
3/142 GERALDINE STREET ,"EDGEWARE, CHRISTCHURCH",8013,2.0,1.0,1.0,218.0,80.0,1975.0,445.0,2024-11-26,7.0,False,375000.0,230000.0
3/26 GORDON AVENUE ,"ST ALBANS, CHRISTCHURCH",8014,2.0,1.0,1.0,218.0,60.0,1980.0,499.0,2024-11-27,47.0,False,530000.0,325000.0
4 VERLAMIO LANE ,"EDGEWARE, CHRISTCHURCH",8013,2.0,2.0,1.0,150.0,96.0,2019.0,560.0,2024-11-28,27.0,False,660000.0,260000.0
95 CANON STREET ,"ST ALBANS, CHRISTCHURCH",8014,2.0,2.0,1.0,127.0,122.0,2010.0,550.0,2024-11-28,15.0,False,780000.0,305000.0
108B RANFURLY STREET ,"ST ALBANS, CHRISTCHURCH",8014,4.0,2.0,2.0,401.0,226.0,2005.0,895.0,2024-11-29,7.0,False,1070000.0,600000.0
2 MERSEY STREET ,"ST ALBANS, CHRISTCHURCH",8014,4.0,2.0,2.0,546.0,190.0,1925.0,800.0,2024-11-29,7.0,False,990000.0,420000.0
519B MANCHESTER STREET ,"ST ALBANS, CHRISTCHURCH",8014,3.0,2.0,1.0,187.0,132.0,2018.0,680.0,2024-11-29,7.0,False,800000.0,325000.0
93 CANON STREET ,"ST ALBANS, CHRISTCHURCH",8014,2.0,2.0,1.0,125.0,122.0,2011.0,650.0,2024-11-29,7.0,False,780000.0,305000.0
2/550 BARBADOES STREET ,"EDGEWARE, CHRISTCHURCH",8013,2.0,1.0,1.0,99.0,78.0,2020.0,550.0,2024-11-29,7.0,False,600000.0,210000.0
7/27 CORNWALL STREET ,"ST ALBANS, CHRISTCHURCH",8014,3.0,1.0,2.0,218.0,90.0,2016.0,530.0,2024-11-29,7.0,False,680000.0,240000.0
2/82 HOLLY ROAD ,"ST ALBANS, CHRISTCHURCH",8014,2.0,1.0,1.0,218.0,70.0,1970.0,490.0,2024-11-29,7.0,False,550000.0,240000.0
1/39 CLEVELAND STREET ,"EDGEWARE, CHRISTCHURCH",8013,2.0,1.0,1.0,218.0,78.0,2000.0,485.0,2024-11-29,7.0,False,450000.0,170000.0
3/10 PITT PLACE ,"ST ALBANS, CHRISTCHURCH",8014,2.0,1.0,1.0,218.0,64.0,1960.0,470.0,2024-11-29,22.0,False,500000.0,350000.0
5/463 MADRAS STREET ,"ST ALBANS, CHRISTCHURCH",8014,4.0,2.0,1.0,323.0,110.0,1965.0,380.0,2024-11-29,18.0,False,570000.0,375000.0
1/121 SHERBORNE STREET ,"ST ALBANS, CHRISTCHURCH",8014,2.0,2.0,1.0,82.0,78.0,2021.0,535.0,2024-11-30,7.0,False,605000.0,215000.0
6/12 KEOGHS LANE ,"ST ALBANS, CHRISTCHURCH",8014,2.0,1.0,1.0,218.0,80.0,1976.0,560.0,2024-12-02,28.0,False,500000.0,285000.0
4/586 BARBADOES STREET ,"EDGEWARE, CHRISTCHURCH",8013,2.0,4.0,4.0,218.0,260.0,1910.0,595.0,2024-12-03,7.0,False,1170000.0,1080000.0
2/129 SHERBORNE STREET ,"ST ALBANS, CHRISTCHURCH",8014,2.0,1.0,1.0,107.0,71.0,2022.0,500.0,2024-12-03,44.0,False,660000.0,255000.0
1/136 HOLLY ROAD ,"ST ALBANS, CHRISTCHURCH",8014,3.0,1.0,1.0,218.0,150.0,1975.0,380.0,2024-12-03,7.0,False,870000.0,400000.0
5/561 MANCHESTER STREET ,"ST ALBANS, CHRISTCHURCH",8014,3.0,2.0,1.0,142.0,116.0,2023.0,700.0,2024-12-04,30.0,False,840000.0,370000.0
1/225 EDGEWARE ROAD ,"EDGEWARE, CHRISTCHURCH",8013,2.0,1.0,1.0,218.0,50.0,1970.0,550.0,2024-12-05,35.0,True,350000.0,143000.0
35 WINTON STREET ,"ST ALBANS, CHRISTCHURCH",8014,2.0,1.0,1.0,218.0,110.0,1990.0,470.0,2024-12-05,29.0,True,630000.0,260000.0
4/130 GERALDINE STREET ,"EDGEWARE, CHRISTCHURCH",8013,2.0,1.0,1.0,218.0,60.0,1965.0,390.0,2024-12-05,29.0,True,380000.0,160000.0
473A MANCHESTER STREET ,"ST ALBANS, CHRISTCHURCH",8014,3.0,2.0,1.0,186.0,128.0,2013.0,810.0,2024-12-06,28.0,True,850000.0,360000.0
31 RUTLAND STREET ,"ST ALBANS, CHRISTCHURCH",8014,3.0,1.0,2.0,457.0,160.0,1910.0,600.0,2024-12-06,28.0,True,920000.0,405000.0
3/206 GERALDINE STREET ,"EDGEWARE, CHRISTCHURCH",8013,2.0,2.0,1.0,105.0,99.0,2023.0,535.0,2024-12-06,67.0,True,650000.0,220000.0
1/6 HENDON STREET ,"EDGEWARE, CHRISTCHURCH",8013,2.0,1.0,1.0,218.0,60.0,1970.0,390.0,2024-12-06,28.0,True,390000.0,160000.0
96 FLOCKTON STREET ,"MAIREHAU, CHRISTCHURCH",8013,4.0,2.0,1.0,657.0,158.0,1930.0,840.0,2024-12-09,25.0,True,820000.0,395000.0
1/484 MANCHESTER STREET ,"ST ALBANS, CHRISTCHURCH",8014,3.0,2.0,1.0,185.0,139.0,2019.0,670.0,2024-12-09,25.0,True,860000.0,420000.0
567C MADRAS STREET ,"ST ALBANS, CHRISTCHURCH",8014,3.0,2.0,1.0,201.0,134.0,2023.0,630.0,2024-12-09,25.0,True,890000.0,325000.0
144A INNES ROAD ,"ST ALBANS, CHRISTCHURCH",8052,2.0,1.0,1.0,218.0,70.0,1970.0,420.0,2024-12-09,25.0,True,620000.0,405000.0
2/91 WESTMINSTER STREET ,"ST ALBANS, CHRISTCHURCH",8014,3.0,3.0,1.0,135.0,124.0,2023.0,825.0,2024-12-10,24.0,True,760000.0,220000.0
2/172 GERALDINE STREET ,"EDGEWARE, CHRISTCHURCH",8013,2.0,1.0,2.0,218.0,60.0,2017.0,530.0,2024-12-10,31.0,True,485000.0,160000.0
3/123 SHERBORNE STREET ,"ST ALBANS, CHRISTCHURCH",8014,3.0,2.0,1.0,75.0,78.0,2021.0,520.0,2024-12-10,73.0,True,600000.0,205000.0
2/136 SHERBORNE STREET ,"ST ALBANS, CHRISTCHURCH",8014,3.0,1.0,2.0,144.0,127.0,2016.0,750.0,2024-12-12,22.0,True,760000.0,250000.0
30D RUTLAND STREET ,"ST ALBANS, CHRISTCHURCH",8014,2.0,2.0,1.0,188.0,108.0,2023.0,705.0,2024-12-12,22.0,True,740000.0,330000.0
2/16 LINDSAY STREET ,"ST ALBANS, CHRISTCHURCH",8014,2.0,1.0,1.0,218.0,80.0,1970.0,475.0,2024-12-12,22.0,True,475000.0,170000.0
54 SEVERN STREET ,"ST ALBANS, CHRISTCHURCH",8014,3.0,1.0,2.0,749.0,143.0,1930.0,710.0,2024-12-13,21.0,True,1090000.0,470000.0
2/108 EDGEWARE ROAD ,"ST ALBANS, CHRISTCHURCH",8014,2.0,2.0,2.0,108.0,112.0,2022.0,620.0,2024-12-13,21.0,True,810000.0,255000.0
15 VERLAMIO LANE ,"EDGEWARE, CHRISTCHURCH",8013,2.0,2.0,1.0,130.0,95.0,2019.0,540.0,2024-12-13,21.0,True,660000.0,260000.0
3/47 MERSEY STREET ,"ST ALBANS, CHRISTCHURCH",8014,2.0,2.0,1.0,141.0,68.0,2021.0,530.0,2024-12-13,21.0,True,700000.0,240000.0
C5/101 CALEDONIAN ROAD ,"ST ALBANS, CHRISTCHURCH",8014,2.0,1.0,2.0,218.0,66.0,2010.0,495.0,2024-12-13,21.0,True,415000.0,175000.0
90 AYLESFORD STREET ,"MAIREHAU, CHRISTCHURCH",8013,3.0,1.0,1.0,218.0,110.0,1920.0,660.0,2024-12-14,40.0,True,570000.0,310000.0
4/12 EDWARD AVENUE ,"EDGEWARE, CHRISTCHURCH",8013,2.0,2.0,1.0,108.0,71.0,2023.0,560.0,2024-12-15,59.0,True,660000.0,240000.0
17 VERLAMIO LANE ,"EDGEWARE, CHRISTCHURCH",8013,2.0,2.0,1.0,130.0,95.0,2019.0,540.0,2024-12-15,28.0,True,660000.0,260000.0
1/27 ALLARD STREET ,"EDGEWARE, CHRISTCHURCH",8013,3.0,1.0,3.0,711.0,220.0,2000.0,519.0,2024-12-16,42.0,True,670000.0,305000.0
4/444 MANCHESTER STREET ,"ST ALBANS, CHRISTCHURCH",8014,2.0,1.0,1.0,218.0,80.0,1975.0,470.0,2024-12-16,18.0,True,455000.0,315000.0
5/489 MANCHESTER STREET ,"ST ALBANS, CHRISTCHURCH",8014,3.0,3.0,1.0,145.0,119.0,2017.0,680.0,2024-12-17,17.0,True,730000.0,305000.0
3/225 EDGEWARE ROAD ,"EDGEWARE, CHRISTCHURCH",8013,2.0,1.0,1.0,218.0,60.0,1970.0,450.0,2024-12-17,21.0,True,360000.0,143000.0
39 SHERBORNE STREET ,"ST ALBANS, CHRISTCHURCH",8014,3.0,1.0,1.0,329.0,131.0,2022.0,620.0,2024-12-18,29.0,True,820000.0,470000.0
5/32 RANFURLY STREET ,"ST ALBANS, CHRISTCHURCH",8014,2.0,1.0,1.0,218.0,120.0,1970.0,550.0,2024-12-19,54.0,True,630000.0,345000.0
4/97 SHERBORNE STREET ,"ST ALBANS, CHRISTCHURCH",8014,2.0,1.0,1.0,95.0,66.0,2023.0,550.0,2024-12-19,15.0,True,640000.0,250000.0
1/30 EVERSLEIGH STREET ,"ST ALBANS, CHRISTCHURCH",8014,3.0,2.0,2.0,224.0,165.0,2007.0,720.0,2024-12-20,14.0,True,880000.0,430000.0
537 BARBADOES STREET ,"EDGEWARE, CHRISTCHURCH",8013,4.0,2.0,2.0,226.0,168.0,2000.0,640.0,2024-12-20,14.0,True,810000.0,335000.0
4/58 SOMME STREET ,"ST ALBANS, CHRISTCHURCH",8014,2.0,1.0,1.0,88.0,73.0,2023.0,540.0,2024-12-20,14.0,True,670000.0,270000.0
4/138 GERALDINE STREET ,"EDGEWARE, CHRISTCHURCH",8013,2.0,1.0,1.0,218.0,60.0,2016.0,495.0,2024-12-20,51.0,True,550000.0,200000.0
2/34 EDWARD AVENUE ,"EDGEWARE, CHRISTCHURCH",8013,2.0,1.0,1.0,218.0,60.0,1970.0,490.0,2024-12-22,30.0,True,400000.0,170000.0
4/116 PACKE STREET ,"EDGEWARE, CHRISTCHURCH",8013,2.0,1.0,1.0,218.0,70.0,1965.0,495.0,2024-12-23,17.0,True,340000.0,180000.0
8/561 MANCHESTER STREET ,"ST ALBANS, CHRISTCHURCH",8014,2.0,1.0,1.0,105.0,71.0,2023.0,550.0,2024-12-24,10.0,True,670000.0,360000.0
1/82 PACKE STREET ,"EDGEWARE, CHRISTCHURCH",8013,2.0,2.0,1.0,218.0,113.0,2010.0,520.0,2024-12-27,38.0,True,550000.0,245000.0
2/611 MADRAS STREET ,"ST ALBANS, CHRISTCHURCH",8014,2.0,1.0,1.0,101.0,61.0,1990.0,520.0,2024-12-27,21.0,True,490000.0,240000.0
1/463 MADRAS STREET ,"ST ALBANS, CHRISTCHURCH",8014,2.0,2.0,2.0,184.0,95.0,2024.0,610.0,2024-12-29,5.0,True,680000.0,335000.0
4/108 EDGEWARE ROAD ,"ST ALBANS, CHRISTCHURCH",8014,3.0,2.0,12.0,135.0,124.0,2022.0,700.0,2024-12-30,4.0,True,840000.0,285000.0
6/58 SOMME STREET ,"ST ALBANS, CHRISTCHURCH",8014,2.0,1.0,1.0,88.0,73.0,2023.0,540.0,2024-12-31,3.0,True,670000.0,270000.0
